–ù–∞–∑–≤–∞–Ω–∏–µ,–¶–µ–Ω–∞,–ö–∞—Ç–µ–≥–æ—Ä–∏—è,–ü–æ–¥–∫–∞—Ç–µ–≥–æ—Ä–∏—è,–û–ø–∏—Å–∞–Ω–∏–µ,–§–æ—Ç–æ (URL),–î–æ—Å—Ç—É–ø–Ω–æ—Å—Ç—å
Iphone 16e 128GB SIM+eSIM,41 990,–°–º–∞—Ä—Ç—Ñ–æ–Ω—ã,Apple,"6.1‚Äù 60 hz SR XDR OLED Display. A18 —á–∏–ø, –±–µ–∑ —à–∏—Ä–∏–∫–∞ –∏ —Ç–µ–ª–µ–≤–∏–∫–∞",https://avatars.mds.yandex.net/i?id=743e3abc92b3e6f47853e8af428d9db9_l-12853318-images-thumbs&n=13,–ø–æ–¥ –∑–∞–∫–∞–∑ 2-15 –¥–Ω–µ–π –ø–æ –≥. –°–ü–±. (–í —Ä–µ–≥–∏–æ–Ω—ã + –¥–Ω–∏ –¥–æ—Å—Ç–∞–≤–∫–∏ –ø–æ –°–î–≠–ö)
Iphone 16e 256GB SIM+eSIM,51 990,–°–º–∞—Ä—Ç—Ñ–æ–Ω—ã,Apple,"6.1‚Äù 60 hz SR XDR OLED Display. A18 —á–∏–ø, –±–µ–∑ —à–∏—Ä–∏–∫–∞ –∏ —Ç–µ–ª–µ–≤–∏–∫–∞",https://avatars.mds.yandex.net/i?id=743e3abc92b3e6f47853e8af428d9db9_l-12853318-images-thumbs&n=13,–ø–æ–¥ –∑–∞–∫–∞–∑ 2-15 –¥–Ω–µ–π –ø–æ –≥. –°–ü–±. (–í —Ä–µ–≥–∏–æ–Ω—ã + –¥–Ω–∏ –¥–æ—Å—Ç–∞–≤–∫–∏ –ø–æ –°–î–≠–ö)
Iphone 16e 512GB SIM+eSIM,59 990,–°–º–∞—Ä—Ç—Ñ–æ–Ω—ã,Apple,"6.1‚Äù 60 hz SR XDR OLED Display. A18 —á–∏–ø, –±–µ–∑ —à–∏—Ä–∏–∫–∞ –∏ —Ç–µ–ª–µ–≤–∏–∫–∞",https://avatars.mds.yandex.net/i?id=743e3abc92b3e6f47853e8af428d9db9_l-12853318-images-thumbs&n=13,–ø–æ–¥ –∑–∞–∫–∞–∑ 2-15 –¥–Ω–µ–π –ø–æ –≥. –°–ü–±. (–í —Ä–µ–≥–∏–æ–Ω—ã + –¥–Ω–∏ –¥–æ—Å—Ç–∞–≤–∫–∏ –ø–æ –°–î–≠–ö)
Iphone 16 128GB SIM+eSIM,49 990,–°–º–∞—Ä—Ç—Ñ–æ–Ω—ã,Apple,"6.1‚Äù 60 hz SR XDR OLED Display. A18 —á–∏–ø, –±–µ–∑ —Ç–µ–ª–µ–≤–∏–∫–∞",https://shop.gestore.ru/upload/iblock/3fd/bed9bj240gfqj7n0r04luoskek19hrp0.png,–ø–æ–¥ –∑–∞–∫–∞–∑ 2-15 –¥–Ω–µ–π –ø–æ –≥. –°–ü–±. (–í —Ä–µ–≥–∏–æ–Ω—ã + –¥–Ω–∏ –¥–æ—Å—Ç–∞–≤–∫–∏ –ø–æ –°–î–≠–ö)
Iphone 16 256GB SIM+eSIM,56 990,–°–º–∞—Ä—Ç—Ñ–æ–Ω—ã,Apple,"6.1‚Äù 60 hz SR XDR OLED Display. A18 —á–∏–ø, –±–µ–∑ —Ç–µ–ª–µ–≤–∏–∫–∞",https://shop.gestore.ru/upload/iblock/3fd/bed9bj240gfqj7n0r04luoskek19hrp0.png,–ø–æ–¥ –∑–∞–∫–∞–∑ 2-15 –¥–Ω–µ–π –ø–æ –≥. –°–ü–±. (–í —Ä–µ–≥–∏–æ–Ω—ã + –¥–Ω–∏ –¥–æ—Å—Ç–∞–≤–∫–∏ –ø–æ –°–î–≠–ö)
Iphone 16 512GB SIM+eSIM,87 990,–°–º–∞—Ä—Ç—Ñ–æ–Ω—ã,Apple,"6.1‚Äù 60 hz SR XDR OLED Display. A18 —á–∏–ø, –±–µ–∑ —Ç–µ–ª–µ–≤–∏–∫–∞",https://shop.gestore.ru/upload/iblock/3fd/bed9bj240gfqj7n0r04luoskek19hrp0.png,–Ω–µ –¥–æ—Å—Ç—É–ø–µ–Ω
Iphone 16 plus 128GB SIM+eSIM,55 990,–°–º–∞—Ä—Ç—Ñ–æ–Ω—ã,Apple,"6.7‚Äù 60 hz SR XDR OLED Display. A18 —á–∏–ø, –±–µ–∑ —Ç–µ–ª–µ–≤–∏–∫–∞",https://www.iphones.ru/wp-content/uploads/2024/05/IMG_2755.jpeg,–ø–æ–¥ –∑–∞–∫–∞–∑ 2-15 –¥–Ω–µ–π –ø–æ –≥. –°–ü–±. (–í —Ä–µ–≥–∏–æ–Ω—ã + –¥–Ω–∏ –¥–æ—Å—Ç–∞–≤–∫–∏ –ø–æ –°–î–≠–ö)
Iphone 16 plus 256GB SIM+eSIM,73 990,–°–º–∞—Ä—Ç—Ñ–æ–Ω—ã,Apple,"6.7‚Äù 60 hz SR XDR OLED Display. A18 —á–∏–ø, –±–µ–∑ —Ç–µ–ª–µ–≤–∏–∫–∞",https://www.iphones.ru/wp-content/uploads/2024/05/IMG_2755.jpeg,–ø–æ–¥ –∑–∞–∫–∞–∑ 2-15 –¥–Ω–µ–π –ø–æ –≥. –°–ü–±. (–í —Ä–µ–≥–∏–æ–Ω—ã + –¥–Ω–∏ –¥–æ—Å—Ç–∞–≤–∫–∏ –ø–æ –°–î–≠–ö)
Iphone 16 plus 512GB SIM+eSIM,83 990,–°–º–∞—Ä—Ç—Ñ–æ–Ω—ã,Apple,"6.7‚Äù 60 hz SR XDR OLED Display. A18 —á–∏–ø, –±–µ–∑ —Ç–µ–ª–µ–≤–∏–∫–∞",https://www.iphones.ru/wp-content/uploads/2024/05/IMG_2755.jpeg,–ø–æ–¥ –∑–∞–∫–∞–∑ 2-15 –¥–Ω–µ–π –ø–æ –≥. –°–ü–±. (–í —Ä–µ–≥–∏–æ–Ω—ã + –¥–Ω–∏ –¥–æ—Å—Ç–∞–≤–∫–∏ –ø–æ –°–î–≠–ö)
Iphone 16 pro 128GB SIM+eSIM,73 990,–°–º–∞—Ä—Ç—Ñ–æ–Ω—ã,Apple,6.3‚Äù 120 hz SR XDR OLED Display. A18 pro —á–∏–ø,https://www.yerevanmobile.am/media/magefan_blog/iPhone-16-Pro-Colors-Fanmade3.jpeg,–ø–æ–¥ –∑–∞–∫–∞–∑ 2-15 –¥–Ω–µ–π –ø–æ –≥. –°–ü–±. (–í —Ä–µ–≥–∏–æ–Ω—ã + –¥–Ω–∏ –¥–æ—Å—Ç–∞–≤–∫–∏ –ø–æ –°–î–≠–ö)
Iphone 16 pro 256GB SIM+eSIM,69 990,–°–º–∞—Ä—Ç—Ñ–æ–Ω—ã,Apple,6.3‚Äù 120 hz SR XDR OLED Display. A18 pro —á–∏–ø,https://www.yerevanmobile.am/media/magefan_blog/iPhone-16-Pro-Colors-Fanmade3.jpeg,–ø–æ–¥ –∑–∞–∫–∞–∑ 2-15 –¥–Ω–µ–π –ø–æ –≥. –°–ü–±. (–í —Ä–µ–≥–∏–æ–Ω—ã + –¥–Ω–∏ –¥–æ—Å—Ç–∞–≤–∫–∏ –ø–æ –°–î–≠–ö)
Iphone 16 pro 512GB SIM+eSIM,80 990,–°–º–∞—Ä—Ç—Ñ–æ–Ω—ã,Apple,6.3‚Äù 120 hz SR XDR OLED Display. A18 pro —á–∏–ø,https://www.yerevanmobile.am/media/magefan_blog/iPhone-16-Pro-Colors-Fanmade3.jpeg,–ø–æ–¥ –∑–∞–∫–∞–∑ 2-15 –¥–Ω–µ–π –ø–æ –≥. –°–ü–±. (–í —Ä–µ–≥–∏–æ–Ω—ã + –¥–Ω–∏ –¥–æ—Å—Ç–∞–≤–∫–∏ –ø–æ –°–î–≠–ö)
Iphone 16 pro 1TB SIM+eSIM,93 990,–°–º–∞—Ä—Ç—Ñ–æ–Ω—ã,Apple,6.3‚Äù 120 hz SR XDR OLED Display. A18 pro —á–∏–ø,https://www.yerevanmobile.am/media/magefan_blog/iPhone-16-Pro-Colors-Fanmade3.jpeg,–ø–æ–¥ –∑–∞–∫–∞–∑ 2-15 –¥–Ω–µ–π –ø–æ –≥. –°–ü–±. (–í —Ä–µ–≥–∏–æ–Ω—ã + –¥–Ω–∏ –¥–æ—Å—Ç–∞–≤–∫–∏ –ø–æ –°–î–≠–ö)
Iphone 16 pro max 256GB SIM+eSIM,78 990,–°–º–∞—Ä—Ç—Ñ–æ–Ω—ã,Apple,"6.9‚Äù 120 hz SR XDR OLED Display. A18 pro —á–∏–ø, 4k 120 fps",https://kotofoto.ru/product_img/69/679018/679018_smartfon_apple_iphone_16_pro_max_1tb_myty3za_a_black_titanium_12m.jpg?v=1727255998,–ø–æ–¥ –∑–∞–∫–∞–∑ 2-15 –¥–Ω–µ–π –ø–æ –≥. –°–ü–±. (–í —Ä–µ–≥–∏–æ–Ω—ã + –¥–Ω–∏ –¥–æ—Å—Ç–∞–≤–∫–∏ –ø–æ –°–î–≠–ö)
Iphone 16 pro max 512GB SIM+eSIM,94 990,–°–º–∞—Ä—Ç—Ñ–æ–Ω—ã,Apple,"6.9‚Äù 120 hz SR XDR OLED Display. A18 pro —á–∏–ø, 4k 120 fps",https://kotofoto.ru/product_img/69/679018/679018_smartfon_apple_iphone_16_pro_max_1tb_myty3za_a_black_titanium_12m.jpg?v=1727255998,–ø–æ–¥ –∑–∞–∫–∞–∑ 2-15 –¥–Ω–µ–π –ø–æ –≥. –°–ü–±. (–í —Ä–µ–≥–∏–æ–Ω—ã + –¥–Ω–∏ –¥–æ—Å—Ç–∞–≤–∫–∏ –ø–æ –°–î–≠–ö)
Iphone 16 pro max 1TB SIM+eSIM,109 990,–°–º–∞—Ä—Ç—Ñ–æ–Ω—ã,Apple,"6.9‚Äù 120 hz SR XDR OLED Display. A18 pro —á–∏–ø, 4k 120 fps",https://kotofoto.ru/product_img/69/679018/679018_smartfon_apple_iphone_16_pro_max_1tb_myty3za_a_black_titanium_12m.jpg?v=1727255998,–ø–æ–¥ –∑–∞–∫–∞–∑ 2-15 –¥–Ω–µ–π –ø–æ –≥. –°–ü–±. (–í —Ä–µ–≥–∏–æ–Ω—ã + –¥–Ω–∏ –¥–æ—Å—Ç–∞–≤–∫–∏ –ø–æ –°–î–≠–ö)
iPhone 17 256GB SIM+eSIM,69 990,–°–º–∞—Ä—Ç—Ñ–æ–Ω—ã,Apple,"6.3"" 120Hz SR XDR OLED, A19 chip, 8GB RAM, 256GB, 48MP dual camera, 40W fast charging",https://cdn1.technopark.ru/technopark/photos_resized/faq_top_image/1710_1112/1008/1_1008.jpg,–ø–æ–¥ –∑–∞–∫–∞–∑ 2-15 –¥–Ω–µ–π –ø–æ –≥. –°–ü–±. (–í —Ä–µ–≥–∏–æ–Ω—ã + –¥–Ω–∏ –¥–æ—Å—Ç–∞–≤–∫–∏ –ø–æ –°–î–≠–ö)
iPhone 17 256GB eSIM,66 990,–°–º–∞—Ä—Ç—Ñ–æ–Ω—ã,Apple,"6.3"" 120Hz SR XDR OLED, A19 chip, 8GB RAM, 256GB, 48MP dual camera, 40W fast charging",https://cdn1.technopark.ru/technopark/photos_resized/faq_top_image/1710_1112/1008/1_1008.jpg,–ø–æ–¥ –∑–∞–∫–∞–∑ 2-15 –¥–Ω–µ–π –ø–æ –≥. –°–ü–±. (–í —Ä–µ–≥–∏–æ–Ω—ã + –¥–Ω–∏ –¥–æ—Å—Ç–∞–≤–∫–∏ –ø–æ –°–î–≠–ö)
iPhone 17 512GB SIM+eSIM,93 990,–°–º–∞—Ä—Ç—Ñ–æ–Ω—ã,Apple,"6.3"" 120Hz SR XDR OLED, A19 chip, 8GB RAM, 512GB, 48MP dual camera, 40W fast charging",https://cdn1.technopark.ru/technopark/photos_resized/faq_top_image/1710_1112/1008/1_1008.jpg,–ø–æ–¥ –∑–∞–∫–∞–∑ 2-15 –¥–Ω–µ–π –ø–æ –≥. –°–ü–±. (–í —Ä–µ–≥–∏–æ–Ω—ã + –¥–Ω–∏ –¥–æ—Å—Ç–∞–≤–∫–∏ –ø–æ –°–î–≠–ö)
iPhone 17 512GB eSIM,90 990,–°–º–∞—Ä—Ç—Ñ–æ–Ω—ã,Apple,"6.3"" 120Hz SR XDR OLED, A19 chip, 8GB RAM, 512GB, 48MP dual camera, 40W fast charging",https://cdn1.technopark.ru/technopark/photos_resized/faq_top_image/1710_1112/1008/1_1008.jpg,–ø–æ–¥ –∑–∞–∫–∞–∑ 2-15 –¥–Ω–µ–π –ø–æ –≥. –°–ü–±. (–í —Ä–µ–≥–∏–æ–Ω—ã + –¥–Ω–∏ –¥–æ—Å—Ç–∞–≤–∫–∏ –ø–æ –°–î–≠–ö)
iPhone 17 air 256GB eSIM,69 490,–°–º–∞—Ä—Ç—Ñ–æ–Ω—ã,Apple,"6.5"" 120Hz Super Retina XDR –¥–∏—Å–ø–ª–µ–π, —á–∏–ø A19 Pro, 12 –ì–ë –û–ó–£, 256 –ì–ë –ø–∞–º—è—Ç–∏, –æ—Å–Ω–æ–≤–Ω–∞—è –∫–∞–º–µ—Ä–∞ 48 –ú–ü, —Ñ—Ä–æ–Ω—Ç–∞–ª—å–Ω–∞—è 18 –ú–ü, –¥–≤–æ–π–Ω–æ–π eSIM, –∞–∫–∫—É–º—É–ª—è—Ç–æ—Ä –Ω–∞ 27 —á–∞—Å–æ–≤ –≤–∏–¥–µ–æ",https://media.sketchfab.com/models/06c34aad662e4f07ba6130f47811cc9a/thumbnails/1c4062c8cb6945c687ee426b1f95b686/b52e60f962f64e1abc185ca41614ffc4.jpeg,–ø–æ–¥ –∑–∞–∫–∞–∑ 2-15 –¥–Ω–µ–π –ø–æ –≥. –°–ü–±. (–í —Ä–µ–≥–∏–æ–Ω—ã + –¥–Ω–∏ –¥–æ—Å—Ç–∞–≤–∫–∏ –ø–æ –°–î–≠–ö)
iPhone 17 air 512GB eSIM,80 490,–°–º–∞—Ä—Ç—Ñ–æ–Ω—ã,Apple,"6.5"" 120Hz Super Retina XDR –¥–∏—Å–ø–ª–µ–π, —á–∏–ø A19 Pro, 12 –ì–ë –û–ó–£, 512 –ì–ë –ø–∞–º—è—Ç–∏, –æ—Å–Ω–æ–≤–Ω–∞—è –∫–∞–º–µ—Ä–∞ 48 –ú–ü, —Ñ—Ä–æ–Ω—Ç–∞–ª—å–Ω–∞—è 18 –ú–ü, –¥–≤–æ–π–Ω–æ–π eSIM, –∞–∫–∫—É–º—É–ª—è—Ç–æ—Ä –Ω–∞ 27 —á–∞—Å–æ–≤ –≤–∏–¥–µ–æ",https://media.sketchfab.com/models/06c34aad662e4f07ba6130f47811cc9a/thumbnails/1c4062c8cb6945c687ee426b1f95b686/b52e60f962f64e1abc185ca41614ffc4.jpeg,–ø–æ–¥ –∑–∞–∫–∞–∑ 2-15 –¥–Ω–µ–π –ø–æ –≥. –°–ü–±. (–í —Ä–µ–≥–∏–æ–Ω—ã + –¥–Ω–∏ –¥–æ—Å—Ç–∞–≤–∫–∏ –ø–æ –°–î–≠–ö)
iPhone 17 air 1TB eSIM,95 990,–°–º–∞—Ä—Ç—Ñ–æ–Ω—ã,Apple,"6.5"" 120Hz Super Retina XDR –¥–∏—Å–ø–ª–µ–π, —á–∏–ø A19 Pro, 12 –ì–ë –û–ó–£, 1 –¢–ë –ø–∞–º—è—Ç–∏, –æ—Å–Ω–æ–≤–Ω–∞—è –∫–∞–º–µ—Ä–∞ 48 –ú–ü, —Ñ—Ä–æ–Ω—Ç–∞–ª—å–Ω–∞—è 18 –ú–ü, –¥–≤–æ–π–Ω–æ–π eSIM, –∞–∫–∫—É–º—É–ª—è—Ç–æ—Ä –Ω–∞ 27 —á–∞—Å–æ–≤ –≤–∏–¥–µ–æ",https://media.sketchfab.com/models/06c34aad662e4f07ba6130f47811cc9a/thumbnails/1c4062c8cb6945c687ee426b1f95b686/b52e60f962f64e1abc185ca41614ffc4.jpeg,–ø–æ–¥ –∑–∞–∫–∞–∑ 2-15 –¥–Ω–µ–π –ø–æ –≥. –°–ü–±. (–í —Ä–µ–≥–∏–æ–Ω—ã + –¥–Ω–∏ –¥–æ—Å—Ç–∞–≤–∫–∏ –ø–æ –°–î–≠–ö)
iPhone 17 pro 256GB SIM+eSIM,96 990,–°–º–∞—Ä—Ç—Ñ–æ–Ω—ã,Apple,"6.3"" 120Hz Super Retina XDR –¥–∏—Å–ø–ª–µ–π, A19 Pro —á–∏–ø, 12 –ì–ë –û–ó–£, 256 –ì–ë –ø–∞–º—è—Ç–∏, 48 –ú–ü —Ç—Ä–æ–π–Ω–∞—è –∫–∞–º–µ—Ä–∞ —Å 4x/8x –∑—É–º–æ–º, –∑–∞–ø–∏—Å—å –≤–∏–¥–µ–æ 4K 120 fps, –∞–∫–∫—É–º—É–ª—è—Ç–æ—Ä –¥–æ 33 —á–∞—Å–æ–≤ –≤–∏–¥–µ–æ",https://content.onliner.by/news/970x485/dcbb845ca45af97375acdea544057cff.jpg,–ø–æ–¥ –∑–∞–∫–∞–∑ 2-15 –¥–Ω–µ–π –ø–æ –≥. –°–ü–±. (–í —Ä–µ–≥–∏–æ–Ω—ã + –¥–Ω–∏ –¥–æ—Å—Ç–∞–≤–∫–∏ –ø–æ –°–î–≠–ö)
iPhone 17 pro 256GB eSIM,87 990,–°–º–∞—Ä—Ç—Ñ–æ–Ω—ã,Apple,"6.3"" 120Hz Super Retina XDR –¥–∏—Å–ø–ª–µ–π, A19 Pro —á–∏–ø, 12 –ì–ë –û–ó–£, 256 –ì–ë –ø–∞–º—è—Ç–∏, 48 –ú–ü —Ç—Ä–æ–π–Ω–∞—è –∫–∞–º–µ—Ä–∞ —Å 4x/8x –∑—É–º–æ–º, –∑–∞–ø–∏—Å—å –≤–∏–¥–µ–æ 4K 120 fps, –∞–∫–∫—É–º—É–ª—è—Ç–æ—Ä –¥–æ 33 —á–∞—Å–æ–≤ –≤–∏–¥–µ–æ",https://content.onliner.by/news/970x485/dcbb845ca45af97375acdea544057cff.jpg,–ø–æ–¥ –∑–∞–∫–∞–∑ 2-15 –¥–Ω–µ–π –ø–æ –≥. –°–ü–±. (–í —Ä–µ–≥–∏–æ–Ω—ã + –¥–Ω–∏ –¥–æ—Å—Ç–∞–≤–∫–∏ –ø–æ –°–î–≠–ö)
iPhone 17 pro 512GB SIM+eSIM,118 990,–°–º–∞—Ä—Ç—Ñ–æ–Ω—ã,Apple,"6.3"" 120Hz Super Retina XDR –¥–∏—Å–ø–ª–µ–π, A19 Pro —á–∏–ø, 12 –ì–ë –û–ó–£, 512–ì–ë –ø–∞–º—è—Ç–∏, 48 –ú–ü —Ç—Ä–æ–π–Ω–∞—è –∫–∞–º–µ—Ä–∞ —Å 4x/8x –∑—É–º–æ–º, –∑–∞–ø–∏—Å—å –≤–∏–¥–µ–æ 4K 120 fps, –∞–∫–∫—É–º—É–ª—è—Ç–æ—Ä –¥–æ 33 —á–∞—Å–æ–≤ –≤–∏–¥–µ–æ",https://content.onliner.by/news/970x485/dcbb845ca45af97375acdea544057cff.jpg,–ø–æ–¥ –∑–∞–∫–∞–∑ 2-15 –¥–Ω–µ–π –ø–æ –≥. –°–ü–±. (–í —Ä–µ–≥–∏–æ–Ω—ã + –¥–Ω–∏ –¥–æ—Å—Ç–∞–≤–∫–∏ –ø–æ –°–î–≠–ö)
iPhone 17 pro 512GB eSIM,104 990,–°–º–∞—Ä—Ç—Ñ–æ–Ω—ã,Apple,"6.3"" 120Hz Super Retina XDR –¥–∏—Å–ø–ª–µ–π, A19 Pro —á–∏–ø, 12 –ì–ë –û–ó–£, 512–ì–ë –ø–∞–º—è—Ç–∏, 48 –ú–ü —Ç—Ä–æ–π–Ω–∞—è –∫–∞–º–µ—Ä–∞ —Å 4x/8x –∑—É–º–æ–º, –∑–∞–ø–∏—Å—å –≤–∏–¥–µ–æ 4K 120 fps, –∞–∫–∫—É–º—É–ª—è—Ç–æ—Ä –¥–æ 33 —á–∞—Å–æ–≤ –≤–∏–¥–µ–æ",https://content.onliner.by/news/970x485/dcbb845ca45af97375acdea544057cff.jpg,–ø–æ–¥ –∑–∞–∫–∞–∑ 2-15 –¥–Ω–µ–π –ø–æ –≥. –°–ü–±. (–í —Ä–µ–≥–∏–æ–Ω—ã + –¥–Ω–∏ –¥–æ—Å—Ç–∞–≤–∫–∏ –ø–æ –°–î–≠–ö)
iPhone 17 pro 1TB SIM+eSIM,133 990,–°–º–∞—Ä—Ç—Ñ–æ–Ω—ã,Apple,"6.3"" 120Hz Super Retina XDR –¥–∏—Å–ø–ª–µ–π, A19 Pro —á–∏–ø, 12 –ì–ë –û–ó–£, 1–¢–ë –ø–∞–º—è—Ç–∏, 48 –ú–ü —Ç—Ä–æ–π–Ω–∞—è –∫–∞–º–µ—Ä–∞ —Å 4x/8x –∑—É–º–æ–º, –∑–∞–ø–∏—Å—å –≤–∏–¥–µ–æ 4K 120 fps, –∞–∫–∫—É–º—É–ª—è—Ç–æ—Ä –¥–æ 33 —á–∞—Å–æ–≤ –≤–∏–¥–µ–æ",https://content.onliner.by/news/970x485/dcbb845ca45af97375acdea544057cff.jpg,–ø–æ–¥ –∑–∞–∫–∞–∑ 2-15 –¥–Ω–µ–π –ø–æ –≥. –°–ü–±. (–í —Ä–µ–≥–∏–æ–Ω—ã + –¥–Ω–∏ –¥–æ—Å—Ç–∞–≤–∫–∏ –ø–æ –°–î–≠–ö)
iPhone 17 pro 1TB eSIM,118 990,–°–º–∞—Ä—Ç—Ñ–æ–Ω—ã,Apple,"6.3"" 120Hz Super Retina XDR –¥–∏—Å–ø–ª–µ–π, A19 Pro —á–∏–ø, 12 –ì–ë –û–ó–£, 1–¢–ë –ø–∞–º—è—Ç–∏, 48 –ú–ü —Ç—Ä–æ–π–Ω–∞—è –∫–∞–º–µ—Ä–∞ —Å 4x/8x –∑—É–º–æ–º, –∑–∞–ø–∏—Å—å –≤–∏–¥–µ–æ 4K 120 fps, –∞–∫–∫—É–º—É–ª—è—Ç–æ—Ä –¥–æ 33 —á–∞—Å–æ–≤ –≤–∏–¥–µ–æ",https://content.onliner.by/news/970x485/dcbb845ca45af97375acdea544057cff.jpg,–ø–æ–¥ –∑–∞–∫–∞–∑ 2-15 –¥–Ω–µ–π –ø–æ –≥. –°–ü–±. (–í —Ä–µ–≥–∏–æ–Ω—ã + –¥–Ω–∏ –¥–æ—Å—Ç–∞–≤–∫–∏ –ø–æ –°–î–≠–ö)
iPhone 17 pro max 256GB SIM+eSIM,103 990,–°–º–∞—Ä—Ç—Ñ–æ–Ω—ã,Apple,"6.9"" 120Hz Super Retina XDR –¥–∏—Å–ø–ª–µ–π, A19 Pro —á–∏–ø, 12 –ì–ë –û–ó–£, 256 –ì–ë, 48 –ú–ü —Ç—Ä–æ–π–Ω–∞—è –∫–∞–º–µ—Ä–∞ (4x/8x –∑—É–º), 4K 120 fps, –¥–æ 39 —á–∞—Å–æ–≤ –≤–∏–¥–µ–æ",https://cafefcdn.com/203337114487263232/2025/8/13/gxqfm6naiaqzhuh-1755091466882-17550914678301096214307.jpeg,–ø–æ–¥ –∑–∞–∫–∞–∑ 2-15 –¥–Ω–µ–π –ø–æ –≥. –°–ü–±. (–í —Ä–µ–≥–∏–æ–Ω—ã + –¥–Ω–∏ –¥–æ—Å—Ç–∞–≤–∫–∏ –ø–æ –°–î–≠–ö)
iPhone 17 pro max 256GB eSIM,93 990,–°–º–∞—Ä—Ç—Ñ–æ–Ω—ã,Apple,"6.9"" 120Hz Super Retina XDR –¥–∏—Å–ø–ª–µ–π, A19 Pro —á–∏–ø, 12 –ì–ë –û–ó–£, 256 –ì–ë, 48 –ú–ü —Ç—Ä–æ–π–Ω–∞—è –∫–∞–º–µ—Ä–∞ (4x/8x –∑—É–º), 4K 120 fps, –¥–æ 39 —á–∞—Å–æ–≤ –≤–∏–¥–µ–æ",https://cafefcdn.com/203337114487263232/2025/8/13/gxqfm6naiaqzhuh-1755091466882-17550914678301096214307.jpeg,–ø–æ–¥ –∑–∞–∫–∞–∑ 2-15 –¥–Ω–µ–π –ø–æ –≥. –°–ü–±. (–í —Ä–µ–≥–∏–æ–Ω—ã + –¥–Ω–∏ –¥–æ—Å—Ç–∞–≤–∫–∏ –ø–æ –°–î–≠–ö)
iPhone 17 pro max 512GB SIM+eSIM,132 990,–°–º–∞—Ä—Ç—Ñ–æ–Ω—ã,Apple,"6.9"" 120Hz Super Retina XDR –¥–∏—Å–ø–ª–µ–π, A19 Pro —á–∏–ø, 12 –ì–ë –û–ó–£, 512 –ì–ë, 48 –ú–ü —Ç—Ä–æ–π–Ω–∞—è –∫–∞–º–µ—Ä–∞ (4x/8x –∑—É–º), 4K 120 fps, –¥–æ 39 —á–∞—Å–æ–≤ –≤–∏–¥–µ–æ",https://cafefcdn.com/203337114487263232/2025/8/13/gxqfm6naiaqzhuh-1755091466882-17550914678301096214307.jpeg,–ø–æ–¥ –∑–∞–∫–∞–∑ 2-15 –¥–Ω–µ–π –ø–æ –≥. –°–ü–±. (–í —Ä–µ–≥–∏–æ–Ω—ã + –¥–Ω–∏ –¥–æ—Å—Ç–∞–≤–∫–∏ –ø–æ –°–î–≠–ö)
iPhone 17 pro max 512GB eSIM,112 990,–°–º–∞—Ä—Ç—Ñ–æ–Ω—ã,Apple,"6.9"" 120Hz Super Retina XDR –¥–∏—Å–ø–ª–µ–π, A19 Pro —á–∏–ø, 12 –ì–ë –û–ó–£, 512 –ì–ë, 48 –ú–ü —Ç—Ä–æ–π–Ω–∞—è –∫–∞–º–µ—Ä–∞ (4x/8x –∑—É–º), 4K 120 fps, –¥–æ 39 —á–∞—Å–æ–≤ –≤–∏–¥–µ–æ",https://cafefcdn.com/203337114487263232/2025/8/13/gxqfm6naiaqzhuh-1755091466882-17550914678301096214307.jpeg,–ø–æ–¥ –∑–∞–∫–∞–∑ 2-15 –¥–Ω–µ–π –ø–æ –≥. –°–ü–±. (–í —Ä–µ–≥–∏–æ–Ω—ã + –¥–Ω–∏ –¥–æ—Å—Ç–∞–≤–∫–∏ –ø–æ –°–î–≠–ö)
iPhone 17 pro max 1TB SIM+eSIM,162 990,–°–º–∞—Ä—Ç—Ñ–æ–Ω—ã,Apple,"6.9"" 120Hz Super Retina XDR –¥–∏—Å–ø–ª–µ–π, A19 Pro —á–∏–ø, 12 –ì–ë –û–ó–£, 1 –¢–ë, 48 –ú–ü —Ç—Ä–æ–π–Ω–∞—è –∫–∞–º–µ—Ä–∞ (4x/8x –∑—É–º), 4K 120 fps, –¥–æ 39 —á–∞—Å–æ–≤ –≤–∏–¥–µ–æ",https://cafefcdn.com/203337114487263232/2025/8/13/gxqfm6naiaqzhuh-1755091466882-17550914678301096214307.jpeg,–ø–æ–¥ –∑–∞–∫–∞–∑ 2-15 –¥–Ω–µ–π –ø–æ –≥. –°–ü–±. (–í —Ä–µ–≥–∏–æ–Ω—ã + –¥–Ω–∏ –¥–æ—Å—Ç–∞–≤–∫–∏ –ø–æ –°–î–≠–ö)
iPhone 17 pro max 1TB eSIM,133 990,–°–º–∞—Ä—Ç—Ñ–æ–Ω—ã,Apple,"6.9"" 120Hz Super Retina XDR –¥–∏—Å–ø–ª–µ–π, A19 Pro —á–∏–ø, 12 –ì–ë –û–ó–£, 1 –¢–ë, 48 –ú–ü —Ç—Ä–æ–π–Ω–∞—è –∫–∞–º–µ—Ä–∞ (4x/8x –∑—É–º), 4K 120 fps, –¥–æ 39 —á–∞—Å–æ–≤ –≤–∏–¥–µ–æ",https://cafefcdn.com/203337114487263232/2025/8/13/gxqfm6naiaqzhuh-1755091466882-17550914678301096214307.jpeg,–ø–æ–¥ –∑–∞–∫–∞–∑ 2-15 –¥–Ω–µ–π –ø–æ –≥. –°–ü–±. (–í —Ä–µ–≥–∏–æ–Ω—ã + –¥–Ω–∏ –¥–æ—Å—Ç–∞–≤–∫–∏ –ø–æ –°–î–≠–ö)
AirPods 4,8 990,–ê–∫—Å–µ—Å—Å—É–∞—Ä—ã,Apple,"–ø—ã–ª–µ-–≤–ª–∞–≥–æ–∑–∞—â–∏—Ç–∞ IP54, –±–µ–∑ –∞–∫—Ç–∏–≤–Ω–æ–≥–æ —à—É–º–æ–ø–æ–¥–∞–≤–ª–µ–Ω–∏—è, BT5.3",https://ir.ozone.ru/s3/multimedia-l/c1000/6860616825.jpg,–ø–æ–¥ –∑–∞–∫–∞–∑ 2-15 –¥–Ω–µ–π –ø–æ –≥. –°–ü–±. (–í —Ä–µ–≥–∏–æ–Ω—ã + –¥–Ω–∏ –¥–æ—Å—Ç–∞–≤–∫–∏ –ø–æ –°–î–≠–ö)
AirPods 4 ANC,11 990,–ê–∫—Å–µ—Å—Å—É–∞—Ä—ã,Apple,"–ø—ã–ª–µ-–≤–ª–∞–≥–æ–∑–∞—â–∏—Ç–∞ IP54, —Å –∞–∫—Ç–∏–≤–Ω—ã–º —à—É–º–æ–ø–æ–¥–∞–≤–ª–µ–Ω–∏–µ–º, BT5.3",https://mtscdn.ru/upload/images/obzor-besprovodnykh-naushnikov-apple-airpods-4-anc-i-apple-airpods-4-1.png/resize/1960x1960/,–ø–æ–¥ –∑–∞–∫–∞–∑ 2-15 –¥–Ω–µ–π –ø–æ –≥. –°–ü–±. (–í —Ä–µ–≥–∏–æ–Ω—ã + –¥–Ω–∏ –¥–æ—Å—Ç–∞–≤–∫–∏ –ø–æ –°–î–≠–ö)
AirPods Pro 2 USB-C,13 490,–ê–∫—Å–µ—Å—Å—É–∞—Ä—ã,Apple,"–ø—ã–ª–µ-–≤–ª–∞–≥–æ–∑–∞—â–∏—Ç–∞ IP54, —Å –∞–∫—Ç–∏–≤–Ω—ã–º —à—É–º–æ–ø–æ–¥–∞–≤–ª–µ–Ω–∏–µ–º v2.0, —Å–µ–Ω—Å–æ—Ä–Ω–æ–µ —É–ø–∞–≤–ª–µ–Ω–∏–µ –≥—Ä–æ–º–∫–æ—Å—Ç—å—é –∑–≤—É–∫–∞, –ø–æ–¥–¥–µ—Ä–∂–∫–∞ Lossless",https://3dradar.ru/upload/information_system_40/8/1/7/item_81790/information_items_81790.jpg,–ø–æ–¥ –∑–∞–∫–∞–∑ 2-15 –¥–Ω–µ–π –ø–æ –≥. –°–ü–±. (–í —Ä–µ–≥–∏–æ–Ω—ã + –¥–Ω–∏ –¥–æ—Å—Ç–∞–≤–∫–∏ –ø–æ –°–î–≠–ö)
AirPods Max (2024),38 490,–ê–∫—Å–µ—Å—Å—É–∞—Ä—ã,Apple,"–ø–æ—Ä—Ç USB-C, —á–∏—Å—Ç—ã–π –∑–≤—É–∫, —É–≤–µ–ª–∏—á–µ–Ω–Ω–æ–µ –≤—Ä–µ–º—è —Ä–∞–±–æ—Ç—ã –¥–æ 40 —á–∞—Å–æ–≤, , –æ–±–ª–µ–≥—á—ë–Ω–Ω–∞—è –∞–ª—é–º–∏–Ω–∏–µ–≤–∞—è –∫–æ–Ω—Å—Ç—Ä—É–∫—Ü–∏—è, –º–∞–≥–Ω–∏—Ç–Ω—ã–µ —Å–º–µ–Ω–Ω—ã–µ –∞–º–±—É—à—é—Ä—ã, –ø–æ–¥–¥–µ—Ä–∂–∫–∞ Lossless-–∞—É–¥–∏–æ",https://avatars.mds.yandex.net/get-mpic/1865219/2a000001958410a8a8ff9863010885bea8ce/orig,–ø–æ–¥ –∑–∞–∫–∞–∑ 2-15 –¥–Ω–µ–π –ø–æ –≥. –°–ü–±. (–í —Ä–µ–≥–∏–æ–Ω—ã + –¥–Ω–∏ –¥–æ—Å—Ç–∞–≤–∫–∏ –ø–æ –°–î–≠–ö)
Nintendo Switch Oled (White and Neon),19 490,–ü—Ä–∏—Å—Ç–∞–≤–∫–∏,Nintendo,"7 –¥—é–π–º–æ–≤, 8-—è–¥–µ—Ä–Ω—ã–π NVIDIA Tegra X1, 1,02 –ì–ì—Ü, –≤—Ä–µ–º—è —Ä–∞–±–æ—Ç—ã –æ–∫–æ–ª–æ 4,5‚Äì9 —á–∞—Å–æ–≤",https://i.ytimg.com/vi/BDISSkjlwHs/maxresdefault.jpg,–ø–æ–¥ –∑–∞–∫–∞–∑ 2-15 –¥–Ω–µ–π –ø–æ –≥. –°–ü–±. (–í —Ä–µ–≥–∏–æ–Ω—ã + –¥–Ω–∏ –¥–æ—Å—Ç–∞–≤–∫–∏ –ø–æ –°–î–≠–ö)
Nintendo Switch Lite,11 990,–ü—Ä–∏—Å—Ç–∞–≤–∫–∏,Nintendo,"5,5 –¥—é–π–º–∞, NVIDIA Tegra X1+, –≤—Ä–µ–º—è —Ä–∞–±–æ—Ç—ã –æ–∫–æ–ª–æ 3‚Äì6 —á–∞—Å–æ–≤",https://avatars.dzeninfra.ru/get-zen_doc/271828/pub_678f9652907de12e69dd526d_678f96ceee6f385f32b6f715/scale_1200,–ø–æ–¥ –∑–∞–∫–∞–∑ 2-15 –¥–Ω–µ–π –ø–æ –≥. –°–ü–±. (–í —Ä–µ–≥–∏–æ–Ω—ã + –¥–Ω–∏ –¥–æ—Å—Ç–∞–≤–∫–∏ –ø–æ –°–î–≠–ö)
Oculus Quest 3S 8/256,31 990,–ü—Ä–∏—Å—Ç–∞–≤–∫–∏,Oculus,"–ø—Ä–æ—Ü–µ—Å—Å–æ—Ä Qualcomm Snapdragon XR2 Gen 2, —á–∞—Å—Ç–æ—Ç–∞ 90 –∏ 120 –ì—Ü, Wi-Fi 6E, Bluetooth, –≤—Ä–µ–º—è —Ä–∞–±–æ—Ç—ã –æ–∫–æ–ª–æ 2.5 —á–∞—Å–æ–≤, 2 LCD-—ç–∫—Ä–∞–Ω–∞ —Å —Ä–∞–∑—Ä–µ—à–µ–Ω–∏–µ–º 1832√ó1920",https://avatars.mds.yandex.net/get-mpic/12525950/2a00000193b1245e8d3db4f3d6cd9090ef09/orig,–ø–æ–¥ –∑–∞–∫–∞–∑ 2-15 –¥–Ω–µ–π –ø–æ –≥. –°–ü–±. (–í —Ä–µ–≥–∏–æ–Ω—ã + –¥–Ω–∏ –¥–æ—Å—Ç–∞–≤–∫–∏ –ø–æ –°–î–≠–ö)
Oculus Quest 3 8/512,37 990,–ü—Ä–∏—Å—Ç–∞–≤–∫–∏,Oculus,"–ø—Ä–æ—Ü–µ—Å—Å–æ—Ä Qualcomm Snapdragon XR2 Gen 2, —á–∞—Å—Ç–æ—Ç–∞ 90 –∏ 120 –ì—Ü, Wi-Fi 6E, Bluetooth, –≤—Ä–µ–º—è —Ä–∞–±–æ—Ç—ã –æ–∫–æ–ª–æ 2.2 —á–∞—Å–æ–≤, 2 LCD-—ç–∫—Ä–∞–Ω–∞ —Å —Ä–∞–∑—Ä–µ—à–µ–Ω–∏–µ–º 2064√ó2208, –≤–æ–∑–º–æ–∂—ç–Ω–æ –ø–æ–¥–∫–ª—é—á–µ–Ω–∏–µ –∫ PC",https://cdn1.ozone.ru/s3/multimedia-1-x/7156973733.jpg,–ø–æ–¥ –∑–∞–∫–∞–∑ 2-15 –¥–Ω–µ–π –ø–æ –≥. –°–ü–±. (–í —Ä–µ–≥–∏–æ–Ω—ã + –¥–Ω–∏ –¥–æ—Å—Ç–∞–≤–∫–∏ –ø–æ –°–î–≠–ö)
Play Station 5 PRO 1TB –±–µ–∑ –¥–∏—Å–∫–æ–≤–æ–¥–∞,59 990,–ü—Ä–∏—Å—Ç–∞–≤–∫–∏,Sony,"–º–æ—â–Ω–µ–π—à–∏–π –∞–ø–≥—Ä–µ–π–¥ —Å 4K@120FPS, 8K, —É–ª—É—á—à–µ–Ω–Ω–æ–π —Ç—Ä–∞—Å—Å–∏—Ä–æ–≤–∫–æ–π –ª—É—á–µ–π, —É—Å–∫–æ—Ä–µ–Ω–Ω—ã–º SSD –∏ –æ–±—Ä–∞—Ç–Ω–æ–π —Å–æ–≤–º–µ—Å—Ç–∏–º–æ—Å—Ç—å—é –¥–ª—è –º–∞–∫—Å–∏–º–∞–ª—å–Ω–æ–≥–æ –ø–æ–≥—Ä—É–∂–µ–Ω–∏—è –≤ –∏–≥—Ä—ã!"" üöÄüéÆ",https://avatars.mds.yandex.net/i?id=16e0e22cd1227fa896664eb206fb64e0_l-5236166-images-thumbs&n=13,–ø–æ–¥ –∑–∞–∫–∞–∑ 2-15 –¥–Ω–µ–π –ø–æ –≥. –°–ü–±. (–í —Ä–µ–≥–∏–æ–Ω—ã + –¥–Ω–∏ –¥–æ—Å—Ç–∞–≤–∫–∏ –ø–æ –°–î–≠–ö)
Play Station 5 slim 1TB –±–µ–∑ –¥–∏—Å–∫–æ–≤–æ–¥–∞,39 990,–ü—Ä–∏—Å—Ç–∞–≤–∫–∏,Sony,"1 –¢–ë SSD, 8-—è–¥–µ—Ä–Ω—ã–π AMD Zen 2, AMD RDNA 2 (10.28 –¢–§–ª–æ–ø—Å), 16 –ì–ë GDDR6, 4K/120 –ì—Ü, —Ç—Ä–∞—Å—Å–∏—Ä–æ–≤–∫–∞ –ª—É—á–µ–π, —Å–æ–≤–º–µ—Å—Ç–∏–º–æ—Å—Ç—å —Å PS4",https://ir-3.ozone.ru/s3/multimedia-1-p/c1000/7525082077.jpg,–ø–æ–¥ –∑–∞–∫–∞–∑ 2-15 –¥–Ω–µ–π –ø–æ –≥. –°–ü–±. (–í —Ä–µ–≥–∏–æ–Ω—ã + –¥–Ω–∏ –¥–æ—Å—Ç–∞–≤–∫–∏ –ø–æ –°–î–≠–ö)
PS5 Disc Drive –¥–∏—Å–∫–æ–≤–æ–¥ Pro/Digital,10 990,–ü—Ä–∏—Å—Ç–∞–≤–∫–∏,Sony,"—ç—Ç–æ –º–æ—â–Ω–∞—è –∏–≥—Ä–æ–≤–∞—è –∫–æ–Ω—Å–æ–ª—å —Å 4K Blu-ray –ø—Ä–∏–≤–æ–¥–æ–º, –ø–æ–¥–¥–µ—Ä–∂–∫–æ–π 120 –ì—Ü –∏ ray tracing, –±—ã—Å—Ç—Ä—ã–º SSD, –æ–±—Ä–∞—Ç–Ω–æ–π —Å–æ–≤–º–µ—Å—Ç–∏–º–æ—Å—Ç—å—é —Å PS4 –∏ —ç–∫—Å–∫–ª—é–∑–∏–≤–∞–º–∏ Sony, –∞ PS5 Digital ‚Äì —Ç–∞ –∂–µ –ø—Ä–æ–∏–∑–≤–æ–¥–∏—Ç–µ–ª—å–Ω–æ—Å—Ç—å, –Ω–æ –±–µ–∑ –¥–∏—Å–∫–æ–≤–æ–¥–∞ –∏ –¥–µ—à–µ–≤–ª–µ, –∏–¥–µ–∞–ª—å–Ω–æ –¥–ª—è —Ü–∏—Ñ—Ä–æ–≤—ã—Ö –ø–æ–∫—É–ø–æ–∫",https://vkplay.ru/hotbox/content_files/UgcStories/2024/09/06/3a23073a6b8c47eca9af4a94b66e89e3.png,–ø–æ–¥ –∑–∞–∫–∞–∑ 2-15 –¥–Ω–µ–π –ø–æ –≥. –°–ü–±. (–í —Ä–µ–≥–∏–æ–Ω—ã + –¥–Ω–∏ –¥–æ—Å—Ç–∞–≤–∫–∏ –ø–æ –°–î–≠–ö)
Play Station VR 2,32 990,–ü—Ä–∏—Å—Ç–∞–≤–∫–∏,Sony,"–Ω–æ–≤–µ–π—à–∞—è VR-–≥–∞—Ä–Ω–∏—Ç—É—Ä–∞ –¥–ª—è PS5 —Å 4K HDR-—ç–∫—Ä–∞–Ω–∞–º–∏, —Ç–µ—Ö–Ω–æ–ª–æ–≥–∏–µ–π eye-tracking, –∞–¥–∞–ø—Ç–∏–≤–Ω—ã–º–∏ —Ç—Ä–∏–≥–≥–µ—Ä–∞–º–∏, —Ç–∞–∫—Ç–∏–≤–Ω–æ–π –æ—Ç–¥–∞—á–µ–π, 3D-–∑–≤—É–∫–æ–º –∏ –ø–ª–∞–≤–Ω—ã–º –≥–µ–π–º–ø–ª–µ–µ–º 120 –ì—Ü –¥–ª—è –ø–æ–ª–Ω–æ–≥–æ –ø–æ–≥—Ä—É–∂–µ–Ω–∏—è –≤ –≤–∏—Ä—Ç—É–∞–ª—å–Ω—ã–µ –º–∏—Ä—ã",https://avatars.mds.yandex.net/get-mpic/1886039/2a000001939bc28dffd885e6981c4dd685fb/orig,–ø–æ–¥ –∑–∞–∫–∞–∑ 2-15 –¥–Ω–µ–π –ø–æ –≥. –°–ü–±. (–í —Ä–µ–≥–∏–æ–Ω—ã + –¥–Ω–∏ –¥–æ—Å—Ç–∞–≤–∫–∏ –ø–æ –°–î–≠–ö)
–î–∂–æ–π—Å—Ç–∏–∫ PS 5,5 490,–ü—Ä–∏—Å—Ç–∞–≤–∫–∏,Sony,"–ö–æ–Ω—Ç—Ä–æ–ª–ª–µ—Ä DualSense, –∞–¥–∞–ø—Ç–∏–≤–Ω—ã–µ —Ç—Ä–∏–≥–≥–µ—Ä—ã, —Ç–∞–∫—Ç–∏–ª—å–Ω–∞—è –æ—Ç–¥–∞—á–∞, –≤—Å—Ç—Ä–æ–µ–Ω–Ω—ã–π –º–∏–∫—Ä–æ—Ñ–æ–Ω, –¥–∏–Ω–∞–º–∏–∫, 3.5–º–º jack, USB-C, –¥–æ 12 —á–∞—Å–æ–≤ —Ä–∞–±–æ—Ç—ã",https://avatars.mds.yandex.net/get-mpic/3912211/2a0000018fc532d1450e811e3f65c2e2fb15/orig,–ø–æ–¥ –∑–∞–∫–∞–∑ 2-15 –¥–Ω–µ–π –ø–æ –≥. –°–ü–±. (–í —Ä–µ–≥–∏–æ–Ω—ã + –¥–Ω–∏ –¥–æ—Å—Ç–∞–≤–∫–∏ –ø–æ –°–î–≠–ö)
Sony pulse 3D,5 990,–ü—Ä–∏—Å—Ç–∞–≤–∫–∏,Sony,"–±–µ—Å–ø—Ä–æ–≤–æ–¥–Ω—ã–µ –∏–≥—Ä–æ–≤—ã–µ –Ω–∞—É—à–Ω–∏–∫–∏ –¥–ª—è PS5 —Å –æ–±—ä—ë–º–Ω—ã–º 3D-–∑–≤—É–∫–æ–º, —à—É–º–æ–ø–æ–¥–∞–≤–ª–µ–Ω–∏–µ–º, —É–¥–æ–±–Ω–æ–π –ø–æ—Å–∞–¥–∫–æ–π, –¥–æ 12 —á–∞—Å–æ–≤ —Ä–∞–±–æ—Ç—ã –∏ –≤—Å—Ç—Ä–æ–µ–Ω–Ω—ã–º –º–∏–∫—Ä–æ—Ñ–æ–Ω–æ–º –¥–ª—è –ø–æ–ª–Ω–æ–≥–æ –ø–æ–≥—Ä—É–∂–µ–Ω–∏—è –≤ –∏–≥—Ä—É.",https://avatars.mds.yandex.net/get-mpic/11476411/2a0000018d67eac9d97f6a51689761b6a0ef/orig,–ø–æ–¥ –∑–∞–∫–∞–∑ 2-15 –¥–Ω–µ–π –ø–æ –≥. –°–ü–±. (–í —Ä–µ–≥–∏–æ–Ω—ã + –¥–Ω–∏ –¥–æ—Å—Ç–∞–≤–∫–∏ –ø–æ –°–î–≠–ö)
DualSense,5 490,–ü—Ä–∏—Å—Ç–∞–≤–∫–∏,Sony,"–∏–Ω–Ω–æ–≤–∞—Ü–∏–æ–Ω–Ω—ã–π –≥–µ–π–º–ø–∞–¥ —Å –∞–¥–∞–ø—Ç–∏–≤–Ω—ã–º–∏ —Ç—Ä–∏–≥–≥–µ—Ä–∞–º–∏, —Ç–∞–∫—Ç–∏–≤–Ω–æ–π –æ—Ç–∑—ã–≤—á–∏–≤–æ—Å—Ç—å—é, –≤—Å—Ç—Ä–æ–µ–Ω–Ω—ã–º –º–∏–∫—Ä–æ—Ñ–æ–Ω–æ–º, –≥–∏—Ä–æ—Å–∫–æ–ø–æ–º –∏ –≤–∏–±—Ä–∏—Ä—É—é—â–µ–π –æ—Ç–¥–∞—á–µ–π –¥–ª—è –º–∞–∫—Å–∏–º–∞–ª—å–Ω–æ–≥–æ –ø–æ–≥—Ä—É–∂–µ–Ω–∏—è –≤ –∏–≥—Ä—É",https://avatars.mds.yandex.net/get-marketpic/6387603/picb6f8cc3af874ddef3cb3dab056ce251f/orig,–ø–æ–¥ –∑–∞–∫–∞–∑ 2-15 –¥–Ω–µ–π –ø–æ –≥. –°–ü–±. (–í —Ä–µ–≥–∏–æ–Ω—ã + –¥–Ω–∏ –¥–æ—Å—Ç–∞–≤–∫–∏ –ø–æ –°–î–≠–ö)
–ó–∞—Ä—è–¥–Ω–∞—è —Å—Ç–∞–Ω—Ü–∏—è PS5,1 990,–ü—Ä–∏—Å—Ç–∞–≤–∫–∏,Sony,–±–µ—Å–ø—Ä–æ–≤–æ–¥–Ω–æ–µ –∑–∞—Ä—è–¥–Ω–æ–µ —É—Å—Ç—Ä–æ–π—Å—Ç–≤–æ –¥–ª—è –¥–≤—É—Ö DualSense —Å LED-–ø–æ–¥—Å–≤–µ—Ç–∫–æ–π,https://avatars.mds.yandex.net/get-mpic/12552957/2a00000192dd55b21ac9dc9aa99142851f3f/orig,–ø–æ–¥ –∑–∞–∫–∞–∑ 2-15 –¥–Ω–µ–π –ø–æ –≥. –°–ü–±. (–í —Ä–µ–≥–∏–æ–Ω—ã + –¥–Ω–∏ –¥–æ—Å—Ç–∞–≤–∫–∏ –ø–æ –°–î–≠–ö)
Steam Deck 16/512 black OLED,47 990,–ü—Ä–∏—Å—Ç–∞–≤–∫–∏,Steam,"–º–æ—â–Ω–∞—è –ø–æ—Ä—Ç–∞—Ç–∏–≤–Ω–∞—è –∫–æ–Ω—Å–æ–ª—å —Å 7.4"" OLED-—ç–∫—Ä–∞–Ω–æ–º 90 –ì—Ü, —É–ª—É—á—à–µ–Ω–Ω–æ–π –∞–≤—Ç–æ–Ω–æ–º–Ω–æ—Å—Ç—å—é, —ç—Ä–≥–æ–Ω–æ–º–∏—á–Ω—ã–º –¥–∏–∑–∞–π–Ω–æ–º –∏ –±—ã—Å—Ç—Ä—ã–º SSD –¥–ª—è –∫–æ–º—Ñ–æ—Ä—Ç–Ω–æ–≥–æ –≥–µ–π–º–∏–Ω–≥–∞ –≤ –ª—é–±–æ–π –ª–æ–∫–∞—Ü–∏–∏.",https://avatars.mds.yandex.net/get-mpic/11620615/2a0000018fd845c14f2bd5423877f2f92985/orig,–ø–æ–¥ –∑–∞–∫–∞–∑ 2-15 –¥–Ω–µ–π –ø–æ –≥. –°–ü–±. (–í —Ä–µ–≥–∏–æ–Ω—ã + –¥–Ω–∏ –¥–æ—Å—Ç–∞–≤–∫–∏ –ø–æ –°–î–≠–ö)
Steam Deck 16/1024 black OLED,53 990,–ü—Ä–∏—Å—Ç–∞–≤–∫–∏,Steam,"–º–æ—â–Ω–∞—è –ø–æ—Ä—Ç–∞—Ç–∏–≤–Ω–∞—è –∫–æ–Ω—Å–æ–ª—å —Å 7.4"" OLED-—ç–∫—Ä–∞–Ω–æ–º 90 –ì—Ü, —É–ª—É—á—à–µ–Ω–Ω–æ–π –∞–≤—Ç–æ–Ω–æ–º–Ω–æ—Å—Ç—å—é, —ç—Ä–≥–æ–Ω–æ–º–∏—á–Ω—ã–º –¥–∏–∑–∞–π–Ω–æ–º –∏ –±—ã—Å—Ç—Ä—ã–º SSD –¥–ª—è –∫–æ–º—Ñ–æ—Ä—Ç–Ω–æ–≥–æ –≥–µ–π–º–∏–Ω–≥–∞ –≤ –ª—é–±–æ–π –ª–æ–∫–∞—Ü–∏–∏.",https://avatars.mds.yandex.net/get-mpic/12631449/2a0000018f8621105ec5699d3b95e96c67d0/orig,–ø–æ–¥ –∑–∞–∫–∞–∑ 2-15 –¥–Ω–µ–π –ø–æ –≥. –°–ü–±. (–í —Ä–µ–≥–∏–æ–Ω—ã + –¥–Ω–∏ –¥–æ—Å—Ç–∞–≤–∫–∏ –ø–æ –°–î–≠–ö)
Steam Deck 6 in 1 ,1 690,–ü—Ä–∏—Å—Ç–∞–≤–∫–∏,Steam," —É–Ω–∏–≤–µ—Ä—Å–∞–ª—å–Ω–∞—è –¥–æ–∫-—Å—Ç–∞–Ω—Ü–∏—è —Å –ø–æ–¥–¥–µ—Ä–∂–∫–æ–π 4K@60Hz, –ø–æ—Ä—Ç–∞–º–∏ USB 3.1, HDMI 2.0 –∏ Ethernet, –±—ã—Å—Ç—Ä–æ–π –∑–∞—Ä—è–¥–∫–æ–π –∏ —Å—Ç–∞–±–∏–ª—å–Ω—ã–º –ø–æ–¥–∫–ª—é—á–µ–Ω–∏–µ–º, –ø—Ä–µ–≤—Ä–∞—â–∞—é—â–∞—è –ø–æ—Ä—Ç–∞—Ç–∏–≤–Ω—É—é –∫–æ–Ω—Å–æ–ª—å –≤ –ø–æ–ª–Ω–æ—Ü–µ–Ω–Ω—ã–π –ü–ö-–≥–∏–±—Ä–∏–¥",https://avatars.mds.yandex.net/get-mpic/6253235/img_id6515398291797618696.png/orig,–ø–æ–¥ –∑–∞–∫–∞–∑ 2-15 –¥–Ω–µ–π –ø–æ –≥. –°–ü–±. (–í —Ä–µ–≥–∏–æ–Ω—ã + –¥–Ω–∏ –¥–æ—Å—Ç–∞–≤–∫–∏ –ø–æ –°–î–≠–ö)
Steam Deck Mod Case,1 990,–ü—Ä–∏—Å—Ç–∞–≤–∫–∏,Steam,—á–µ—Ö–æ–ª –¥–ª—è Steam Deck —Å —É–¥–æ–±–Ω—ã–º —Ö—Ä–∞–Ω–µ–Ω–∏–µ–º,https://cdn.shazoo.ru/579062_6pOrnNZsKF_deck.jpg,–ø–æ–¥ –∑–∞–∫–∞–∑ 2-15 –¥–Ω–µ–π –ø–æ –≥. –°–ü–±. (–í —Ä–µ–≥–∏–æ–Ω—ã + –¥–Ω–∏ –¥–æ—Å—Ç–∞–≤–∫–∏ –ø–æ –°–î–≠–ö)
Pico 4 Ultra 12+256,39 990,–ü—Ä–∏—Å—Ç–∞–≤–∫–∏,Pico,"—Ñ–ª–∞–≥–º–∞–Ω—Å–∫–∞—è –∞–≤—Ç–æ–Ω–æ–º–Ω–∞—è VR-–≥–∞—Ä–Ω–∏—Ç—É—Ä–∞ —Å 4K+ –¥–∏—Å–ø–ª–µ—è–º–∏ 90 –ì—Ü, –≤—Å—Ç—Ä–æ–µ–Ω–Ω—ã–º –ø—Ä–æ—Ü–µ—Å—Å–æ—Ä–æ–º Snapdragon XR2, 12 –ì–ë –û–ó–£, 256 –ì–ë –ø–∞–º—è—Ç–∏, 6DoF-—Ç—Ä–µ–∫–∏–Ω–≥–æ–º, —Å—Ç–µ—Ä–µ–æ–∑–≤—É–∫–æ–º –∏ —É–ª—É—á—à–µ–Ω–Ω—ã–º–∏ –∫–æ–Ω—Ç—Ä–æ–ª–ª–µ—Ä–∞–º–∏ –¥–ª—è –ø–æ–≥—Ä—É–∂–µ–Ω–∏—è –≤ –º–µ—Ç–∞–≤—Å–µ–ª–µ–Ω–Ω—ã–µ –∏ –∏–≥—Ä—ã –±–µ–∑ –ü–ö.",https://avatars.mds.yandex.net/get-mpic/1581127/2a000001944db18ea9740a5e13e6a919edf6/orig,–ø–æ–¥ –∑–∞–∫–∞–∑ 2-15 –¥–Ω–µ–π –ø–æ –≥. –°–ü–±. (–í —Ä–µ–≥–∏–æ–Ω—ã + –¥–Ω–∏ –¥–æ—Å—Ç–∞–≤–∫–∏ –ø–æ –°–î–≠–ö)
S24 FE 8/128 (S721B),28 990,–°–º–∞—Ä—Ç—Ñ–æ–Ω—ã,Samsung," —Å—Ç–∏–ª—å–Ω—ã–π –∏ –º–æ—â–Ω—ã–π —Å–º–∞—Ä—Ç—Ñ–æ–Ω —Å –¥–∏–Ω–∞–º–∏—á–µ—Å–∫–∏–º AMOLED 120 –ì—Ü, –ø—Ä–æ—Ü–µ—Å—Å–æ—Ä–æ–º Exynos 2200, —Ç—Ä–æ–π–Ω–æ–π –∫–∞–º–µ—Ä–æ–π 50 –ú–ü, –∑–∞—â–∏—Ç–æ–π IP68 –∏ –∞–∫–∫—É–º—É–ª—è—Ç–æ—Ä–æ–º –Ω–∞ 4500 –º–ê—á –¥–ª—è –±–µ–∑—É–ø—Ä–µ—á–Ω–æ–π —Ä–∞–±–æ—Ç—ã –∏ —è—Ä–∫–∏—Ö –≤–ø–µ—á–∞—Ç–ª–µ–Ω–∏–π",https://ir-3.ozone.ru/s3/multimedia-1-o/w1200/6918632520.jpg,–ø–æ–¥ –∑–∞–∫–∞–∑ 2-15 –¥–Ω–µ–π –ø–æ –≥. –°–ü–±. (–í —Ä–µ–≥–∏–æ–Ω—ã + –¥–Ω–∏ –¥–æ—Å—Ç–∞–≤–∫–∏ –ø–æ –°–î–≠–ö)
S24 FE 8/256 (S721B),31 990,–°–º–∞—Ä—Ç—Ñ–æ–Ω—ã,Samsung," —Å—Ç–∏–ª—å–Ω—ã–π –∏ –º–æ—â–Ω—ã–π —Å–º–∞—Ä—Ç—Ñ–æ–Ω —Å –¥–∏–Ω–∞–º–∏—á–µ—Å–∫–∏–º AMOLED 120 –ì—Ü, –ø—Ä–æ—Ü–µ—Å—Å–æ—Ä–æ–º Exynos 2200, —Ç—Ä–æ–π–Ω–æ–π –∫–∞–º–µ—Ä–æ–π 50 –ú–ü, –∑–∞—â–∏—Ç–æ–π IP68 –∏ –∞–∫–∫—É–º—É–ª—è—Ç–æ—Ä–æ–º –Ω–∞ 4500 –º–ê—á –¥–ª—è –±–µ–∑—É–ø—Ä–µ—á–Ω–æ–π —Ä–∞–±–æ—Ç—ã –∏ —è—Ä–∫–∏—Ö –≤–ø–µ—á–∞—Ç–ª–µ–Ω–∏–π",https://ir-3.ozone.ru/s3/multimedia-1-o/w1200/6918632520.jpg,–ø–æ–¥ –∑–∞–∫–∞–∑ 2-15 –¥–Ω–µ–π –ø–æ –≥. –°–ü–±. (–í —Ä–µ–≥–∏–æ–Ω—ã + –¥–Ω–∏ –¥–æ—Å—Ç–∞–≤–∫–∏ –ø–æ –°–î–≠–ö)
S24 8/128 (S921B),35 990,–°–º–∞—Ä—Ç—Ñ–æ–Ω—ã,Samsung,"—Ñ–ª–∞–≥–º–∞–Ω—Å–∫–∏–π —Å–º–∞—Ä—Ç—Ñ–æ–Ω —Å Dynamic AMOLED 2X 120 –ì—Ü, –ø—Ä–æ—Ü–µ—Å—Å–æ—Ä–æ–º Snapdragon 8 Gen 3, –∫–∞–º–µ—Ä–æ–π 50 –ú–ü —Å –ò–ò, –∑–∞—â–∏—Ç–æ–π IP68 –∏ –∞–∫–∫—É–º—É–ª—è—Ç–æ—Ä–æ–º 4000 –º–ê—á —Å –±—ã—Å—Ç—Ä–æ–π –∑–∞—Ä—è–¥–∫–æ–π 25W –¥–ª—è –ø—Ä–µ–º–∏–∞–ª—å–Ω–æ–≥–æ –æ–ø—ã—Ç–∞",https://i.ebayimg.com/images/g/ml4AAOSw7PRmUPUS/s-l960.jpg,–ø–æ–¥ –∑–∞–∫–∞–∑ 2-15 –¥–Ω–µ–π –ø–æ –≥. –°–ü–±. (–í —Ä–µ–≥–∏–æ–Ω—ã + –¥–Ω–∏ –¥–æ—Å—Ç–∞–≤–∫–∏ –ø–æ –°–î–≠–ö)
S24 8/256 onyx (S921B),40 990,–°–º–∞—Ä—Ç—Ñ–æ–Ω—ã,Samsung,"—Ñ–ª–∞–≥–º–∞–Ω—Å–∫–∏–π —Å–º–∞—Ä—Ç—Ñ–æ–Ω —Å Dynamic AMOLED 2X 120 –ì—Ü, –ø—Ä–æ—Ü–µ—Å—Å–æ—Ä–æ–º Snapdragon 8 Gen 3, –∫–∞–º–µ—Ä–æ–π 50 –ú–ü —Å –ò–ò, –∑–∞—â–∏—Ç–æ–π IP68 –∏ –∞–∫–∫—É–º—É–ª—è—Ç–æ—Ä–æ–º 4000 –º–ê—á —Å –±—ã—Å—Ç—Ä–æ–π –∑–∞—Ä—è–¥–∫–æ–π 25W –¥–ª—è –ø—Ä–µ–º–∏–∞–ª—å–Ω–æ–≥–æ –æ–ø—ã—Ç–∞",https://cdn1.ozone.ru/s3/multimedia-1-2/6910737842.jpg,–ø–æ–¥ –∑–∞–∫–∞–∑ 2-15 –¥–Ω–µ–π –ø–æ –≥. –°–ü–±. (–í —Ä–µ–≥–∏–æ–Ω—ã + –¥–Ω–∏ –¥–æ—Å—Ç–∞–≤–∫–∏ –ø–æ –°–î–≠–ö)
S24 plus 12/256  (S926B),51 990,–°–º–∞—Ä—Ç—Ñ–æ–Ω—ã,Samsung,"–ø—Ä–µ–º–∏–∞–ª—å–Ω—ã–π —Å–º–∞—Ä—Ç—Ñ–æ–Ω —Å 6.7"" Dynamic AMOLED 2X 120 –ì—Ü, –ø—Ä–æ—Ü–µ—Å—Å–æ—Ä–æ–º Snapdragon 8 Gen 3, —Ç—Ä–æ–π–Ω–æ–π –∫–∞–º–µ—Ä–æ–π 50 –ú–ü —Å –ò–ò-—É–ª—É—á—à–µ–Ω–∏–µ–º, –∑–∞—â–∏—Ç–æ–π IP68, –∞–∫–∫—É–º—É–ª—è—Ç–æ—Ä–æ–º 4900 –º–ê—á —Å 45W –∑–∞—Ä—è–¥–∫–æ–π –∏ –æ–±–ª–µ–≥—á—ë–Ω–Ω—ã–º –¥–∏–∑–∞–π–Ω–æ–º –¥–ª—è –±–µ–∑—É–ø—Ä–µ—á–Ω–æ–π –ø—Ä–æ–∏–∑–≤–æ–¥–∏—Ç–µ–ª—å–Ω–æ—Å—Ç–∏ –∏ —Å—Ç–∏–ª—è",https://avatars.mds.yandex.net/i?id=a796a832095c2d10470ec69f0823a616_l-5513755-images-thumbs&n=13,–ø–æ–¥ –∑–∞–∫–∞–∑ 2-15 –¥–Ω–µ–π –ø–æ –≥. –°–ü–±. (–í —Ä–µ–≥–∏–æ–Ω—ã + –¥–Ω–∏ –¥–æ—Å—Ç–∞–≤–∫–∏ –ø–æ –°–î–≠–ö)
S24 plus 12/512  (S926B),56 990,–°–º–∞—Ä—Ç—Ñ–æ–Ω—ã,Samsung,"–ø—Ä–µ–º–∏–∞–ª—å–Ω—ã–π —Å–º–∞—Ä—Ç—Ñ–æ–Ω —Å 6.7"" Dynamic AMOLED 2X 120 –ì—Ü, –ø—Ä–æ—Ü–µ—Å—Å–æ—Ä–æ–º Snapdragon 8 Gen 3, —Ç—Ä–æ–π–Ω–æ–π –∫–∞–º–µ—Ä–æ–π 50 –ú–ü —Å –ò–ò-—É–ª—É—á—à–µ–Ω–∏–µ–º, –∑–∞—â–∏—Ç–æ–π IP68, –∞–∫–∫—É–º—É–ª—è—Ç–æ—Ä–æ–º 4900 –º–ê—á —Å 45W –∑–∞—Ä—è–¥–∫–æ–π –∏ –æ–±–ª–µ–≥—á—ë–Ω–Ω—ã–º –¥–∏–∑–∞–π–Ω–æ–º –¥–ª—è –±–µ–∑—É–ø—Ä–µ—á–Ω–æ–π –ø—Ä–æ–∏–∑–≤–æ–¥–∏—Ç–µ–ª—å–Ω–æ—Å—Ç–∏ –∏ —Å—Ç–∏–ª—è",https://avatars.mds.yandex.net/i?id=a796a832095c2d10470ec69f0823a616_l-5513755-images-thumbs&n=13,–ø–æ–¥ –∑–∞–∫–∞–∑ 2-15 –¥–Ω–µ–π –ø–æ –≥. –°–ü–±. (–í —Ä–µ–≥–∏–æ–Ω—ã + –¥–Ω–∏ –¥–æ—Å—Ç–∞–≤–∫–∏ –ø–æ –°–î–≠–ö)
S24 ultra 12/256 (S928B),61 990,–°–º–∞—Ä—Ç—Ñ–æ–Ω—ã,Samsung,"—Ç–æ–ø–æ–≤—ã–π —Ñ–ª–∞–≥–º–∞–Ω —Å 6.8"" Dynamic AMOLED 2X 120 –ì—Ü, –ø—Ä–æ—Ü–µ—Å—Å–æ—Ä–æ–º Snapdragon 8 Gen 3, 200 –ú–ü –æ—Å–Ω–æ–≤–Ω–æ–π –∫–∞–º–µ—Ä–æ–π —Å –ò–ò, S Pen, —Ç–∏—Ç–∞–Ω–æ–≤—ã–º –∫–æ—Ä–ø—É—Å–æ–º IP68, –∞–∫–∫—É–º—É–ª—è—Ç–æ—Ä–æ–º 5000 –º–ê—á —Å 45W –∑–∞—Ä—è–¥–∫–æ–π –∏ –≤—Å—Ç—Ä–æ–µ–Ω–Ω—ã–º —Å–æ—Ñ—Ç–æ–º –¥–ª—è –ø—Ä–æ–¥—É–∫—Ç–∏–≤–Ω–æ—Å—Ç–∏ ‚Äì –±–µ–∑–∫–æ–º–ø—Ä–æ–º–∏—Å—Å–Ω—ã–π —Å–º–∞—Ä—Ç—Ñ–æ–Ω –¥–ª—è –ª–∏–¥–µ—Ä–æ–≤",https://i.ebayimg.com/images/g/s4wAAOSwthllqOXw/s-l1600.jpg,–ø–æ–¥ –∑–∞–∫–∞–∑ 2-15 –¥–Ω–µ–π –ø–æ –≥. –°–ü–±. (–í —Ä–µ–≥–∏–æ–Ω—ã + –¥–Ω–∏ –¥–æ—Å—Ç–∞–≤–∫–∏ –ø–æ –°–î–≠–ö)
S24 ultra 12/512 (S928B),68 990,–°–º–∞—Ä—Ç—Ñ–æ–Ω—ã,Samsung,"—Ç–æ–ø–æ–≤—ã–π —Ñ–ª–∞–≥–º–∞–Ω —Å 6.8"" Dynamic AMOLED 2X 120 –ì—Ü, –ø—Ä–æ—Ü–µ—Å—Å–æ—Ä–æ–º Snapdragon 8 Gen 3, 200 –ú–ü –æ—Å–Ω–æ–≤–Ω–æ–π –∫–∞–º–µ—Ä–æ–π —Å –ò–ò, S Pen, —Ç–∏—Ç–∞–Ω–æ–≤—ã–º –∫–æ—Ä–ø—É—Å–æ–º IP68, –∞–∫–∫—É–º—É–ª—è—Ç–æ—Ä–æ–º 5000 –º–ê—á —Å 45W –∑–∞—Ä—è–¥–∫–æ–π –∏ –≤—Å—Ç—Ä–æ–µ–Ω–Ω—ã–º —Å–æ—Ñ—Ç–æ–º –¥–ª—è –ø—Ä–æ–¥—É–∫—Ç–∏–≤–Ω–æ—Å—Ç–∏ ‚Äì –±–µ–∑–∫–æ–º–ø—Ä–æ–º–∏—Å—Å–Ω—ã–π —Å–º–∞—Ä—Ç—Ñ–æ–Ω –¥–ª—è –ª–∏–¥–µ—Ä–æ–≤",https://i.ebayimg.com/images/g/s4wAAOSwthllqOXw/s-l1600.jpg,–ø–æ–¥ –∑–∞–∫–∞–∑ 2-15 –¥–Ω–µ–π –ø–æ –≥. –°–ü–±. (–í —Ä–µ–≥–∏–æ–Ω—ã + –¥–Ω–∏ –¥–æ—Å—Ç–∞–≤–∫–∏ –ø–æ –°–î–≠–ö)
S25 12/256  (S931B),50 990,–°–º–∞—Ä—Ç—Ñ–æ–Ω—ã,Samsung,"–∏–Ω–Ω–æ–≤–∞—Ü–∏–æ–Ω–Ω—ã–π —Ñ–ª–∞–≥–º–∞–Ω —Å 6.3"" Dynamic AMOLED 2X 144 –ì—Ü, –Ω–æ–≤–µ–π—à–∏–º –ø—Ä–æ—Ü–µ—Å—Å–æ—Ä–æ–º Snapdragon 8 Gen 4, —É–ª—É—á—à–µ–Ω–Ω–æ–π –ò–ò-–∫–∞–º–µ—Ä–æ–π 60 –ú–ü, —Ä–µ–≤–æ–ª—é—Ü–∏–æ–Ω–Ω–æ–π —Å–∏—Å—Ç–µ–º–æ–π –æ—Ö–ª–∞–∂–¥–µ–Ω–∏—è, –∞–∫–∫—É–º—É–ª—è—Ç–æ—Ä–æ–º 5000 –º–ê—á —Å –±–µ—Å–ø—Ä–æ–≤–æ–¥–Ω–æ–π –∑–∞—Ä—è–¥–∫–æ–π 25W –∏ —É–¥–∞—Ä–æ–ø—Ä–æ—á–Ω—ã–º –¥–∏–∑–∞–π–Ω–æ–º IP69 ‚Äì –≤–æ–ø–ª–æ—â–µ–Ω–∏–µ –º–æ—â–Ω–æ—Å—Ç–∏ –∏ —ç–ª–µ–≥–∞–Ω—Ç–Ω–æ—Å—Ç–∏.",https://syomastore.ru/wa-data/public/shop/img/smartfon-samsung-galaxy-s24-plus-2.png,–ø–æ–¥ –∑–∞–∫–∞–∑ 2-15 –¥–Ω–µ–π –ø–æ –≥. –°–ü–±. (–í —Ä–µ–≥–∏–æ–Ω—ã + –¥–Ω–∏ –¥–æ—Å—Ç–∞–≤–∫–∏ –ø–æ –°–î–≠–ö)
S25 12/512  (S931B),62 990,–°–º–∞—Ä—Ç—Ñ–æ–Ω—ã,Samsung,"–∏–Ω–Ω–æ–≤–∞—Ü–∏–æ–Ω–Ω—ã–π —Ñ–ª–∞–≥–º–∞–Ω —Å 6.3"" Dynamic AMOLED 2X 144 –ì—Ü, –Ω–æ–≤–µ–π—à–∏–º –ø—Ä–æ—Ü–µ—Å—Å–æ—Ä–æ–º Snapdragon 8 Gen 4, —É–ª—É—á—à–µ–Ω–Ω–æ–π –ò–ò-–∫–∞–º–µ—Ä–æ–π 60 –ú–ü, —Ä–µ–≤–æ–ª—é—Ü–∏–æ–Ω–Ω–æ–π —Å–∏—Å—Ç–µ–º–æ–π –æ—Ö–ª–∞–∂–¥–µ–Ω–∏—è, –∞–∫–∫—É–º—É–ª—è—Ç–æ—Ä–æ–º 5000 –º–ê—á —Å –±–µ—Å–ø—Ä–æ–≤–æ–¥–Ω–æ–π –∑–∞—Ä—è–¥–∫–æ–π 25W –∏ —É–¥–∞—Ä–æ–ø—Ä–æ—á–Ω—ã–º –¥–∏–∑–∞–π–Ω–æ–º IP69 ‚Äì –≤–æ–ø–ª–æ—â–µ–Ω–∏–µ –º–æ—â–Ω–æ—Å—Ç–∏ –∏ —ç–ª–µ–≥–∞–Ω—Ç–Ω–æ—Å—Ç–∏.",https://syomastore.ru/wa-data/public/shop/img/smartfon-samsung-galaxy-s24-plus-2.png,–ø–æ–¥ –∑–∞–∫–∞–∑ 2-15 –¥–Ω–µ–π –ø–æ –≥. –°–ü–±. (–í —Ä–µ–≥–∏–æ–Ω—ã + –¥–Ω–∏ –¥–æ—Å—Ç–∞–≤–∫–∏ –ø–æ –°–î–≠–ö)
S25 Edge 12/256  (S9370),62 990,–°–º–∞—Ä—Ç—Ñ–æ–Ω—ã,Samsung,"—É–ª—å—Ç—Ä–∞—Å–æ–≤—Ä–µ–º–µ–Ω–Ω—ã–π —Ñ–ª–∞–≥–º–∞–Ω —Å –∏–∑–æ–≥–Ω—É—Ç—ã–º 6.7"" Dynamic AMOLED 2X 144 –ì—Ü, —á–∏–ø–æ–º Snapdragon 8 Gen 4, –ò–ò-–∫–∞–º–µ—Ä–æ–π 200 –ú–ü —Å –ª–∞–∑–µ—Ä–Ω—ã–º –∞–≤—Ç–æ—Ñ–æ–∫—É—Å–æ–º, –≤—Å—Ç—Ä–æ–µ–Ω–Ω—ã–º S-Pen, —Ç–∏—Ç–∞–Ω–æ–≤–æ–π —Ä–∞–º–∫–æ–π IP68, –∞–∫–∫—É–º—É–ª—è—Ç–æ—Ä–æ–º 5200 –º–ê—á —Å 65W –∑–∞—Ä—è–¥–∫–æ–π –∏ 3D-—Ä–∞—Å–ø–æ–∑–Ω–∞–≤–∞–Ω–∏–µ–º –ª–∏—Ü–∞ ‚Äì –ø—Ä–µ–º–∏—É–º-—É—Å—Ç—Ä–æ–π—Å—Ç–≤–æ –¥–ª—è —Ç–µ—Ö, –∫—Ç–æ –æ–ø–µ—Ä–µ–∂–∞–µ—Ç –≤—Ä–µ–º—è.",https://msk.hi-stores.ru/upload/blog/galaxy-s25-edge-1.jpg,–ø–æ–¥ –∑–∞–∫–∞–∑ 2-15 –¥–Ω–µ–π –ø–æ –≥. –°–ü–±. (–í —Ä–µ–≥–∏–æ–Ω—ã + –¥–Ω–∏ –¥–æ—Å—Ç–∞–≤–∫–∏ –ø–æ –°–î–≠–ö)
S25 plus 12/256  (S936B),57 990,–°–º–∞—Ä—Ç—Ñ–æ–Ω—ã,Samsung," –º–æ—â–Ω—ã–π —Ñ–ª–∞–≥–º–∞–Ω —Å 6.7"" Dynamic AMOLED 2X 144 –ì—Ü, –ø—Ä–æ—Ü–µ—Å—Å–æ—Ä–æ–º Snapdragon 8 Gen 4, —Ç—Ä–æ–π–Ω–æ–π –ò–ò-–∫–∞–º–µ—Ä–æ–π 50 –ú–ü, —É–ª—É—á—à–µ–Ω–Ω–æ–π —Å–∏—Å—Ç–µ–º–æ–π –æ—Ö–ª–∞–∂–¥–µ–Ω–∏—è, –∞–∫–∫—É–º—É–ª—è—Ç–æ—Ä–æ–º 5100 –º–ê—á —Å 65W –∑–∞—Ä—è–¥–∫–æ–π –∏ —É–¥–∞—Ä–æ–ø—Ä–æ—á–Ω—ã–º —Å—Ç–µ–∫–ª–æ–º Gorilla Glass Victus 3 ‚Äì –∏–¥–µ–∞–ª—å–Ω—ã–π –±–∞–ª–∞–Ω—Å –∏–Ω–Ω–æ–≤–∞—Ü–∏–π –∏ —ç—Ä–≥–æ–Ω–æ–º–∏–∫–∏.",https://static.beeline.ru/upload/images/b2c/rich/samsung/s25/s25_plus/blue/3.png,–ø–æ–¥ –∑–∞–∫–∞–∑ 2-15 –¥–Ω–µ–π –ø–æ –≥. –°–ü–±. (–í —Ä–µ–≥–∏–æ–Ω—ã + –¥–Ω–∏ –¥–æ—Å—Ç–∞–≤–∫–∏ –ø–æ –°–î–≠–ö)
S25 plus 12/512  (S936B),63 990,–°–º–∞—Ä—Ç—Ñ–æ–Ω—ã,Samsung," –º–æ—â–Ω—ã–π —Ñ–ª–∞–≥–º–∞–Ω —Å 6.7"" Dynamic AMOLED 2X 144 –ì—Ü, –ø—Ä–æ—Ü–µ—Å—Å–æ—Ä–æ–º Snapdragon 8 Gen 4, —Ç—Ä–æ–π–Ω–æ–π –ò–ò-–∫–∞–º–µ—Ä–æ–π 50 –ú–ü, —É–ª—É—á—à–µ–Ω–Ω–æ–π —Å–∏—Å—Ç–µ–º–æ–π –æ—Ö–ª–∞–∂–¥–µ–Ω–∏—è, –∞–∫–∫—É–º—É–ª—è—Ç–æ—Ä–æ–º 5100 –º–ê—á —Å 65W –∑–∞—Ä—è–¥–∫–æ–π –∏ —É–¥–∞—Ä–æ–ø—Ä–æ—á–Ω—ã–º —Å—Ç–µ–∫–ª–æ–º Gorilla Glass Victus 3 ‚Äì –∏–¥–µ–∞–ª—å–Ω—ã–π –±–∞–ª–∞–Ω—Å –∏–Ω–Ω–æ–≤–∞—Ü–∏–π –∏ —ç—Ä–≥–æ–Ω–æ–º–∏–∫–∏.",https://static.beeline.ru/upload/images/b2c/rich/samsung/s25/s25_plus/blue/3.png,–ø–æ–¥ –∑–∞–∫–∞–∑ 2-15 –¥–Ω–µ–π –ø–æ –≥. –°–ü–±. (–í —Ä–µ–≥–∏–æ–Ω—ã + –¥–Ω–∏ –¥–æ—Å—Ç–∞–≤–∫–∏ –ø–æ –°–î–≠–ö)
S25 ultra 12/256   (S938B),61 990,–°–º–∞—Ä—Ç—Ñ–æ–Ω—ã,Samsung," –∏–Ω–Ω–æ–≤–∞—Ü–∏–æ–Ω–Ω—ã–π —Ñ–ª–∞–≥–º–∞–Ω —Å 6.9"" Dynamic AMOLED 2X 144 –ì—Ü, –ø—Ä–æ—Ü–µ—Å—Å–æ—Ä–æ–º Snapdragon 8 Gen 4, 200 –ú–ü —Ç–µ—Ç—Ä–∞-–∫–∞–º–µ—Ä–æ–π —Å –ò–ò-—É–ª—É—á—à–µ–Ω–∏–µ–º, –≤—Å—Ç—Ä–æ–µ–Ω–Ω—ã–º S-Pen, —Ç–∏—Ç–∞–Ω–æ–≤—ã–º –∫–æ—Ä–ø—É—Å–æ–º IP68, –∞–∫–∫—É–º—É–ª—è—Ç–æ—Ä–æ–º 5500 –º–ê—á —Å 100W –∑–∞—Ä—è–¥–∫–æ–π –∏ —Å–ø—É—Ç–Ω–∏–∫–æ–≤–æ–π —Å–≤—è–∑—å—é ‚Äî –∞–±—Å–æ–ª—é—Ç–Ω—ã–π –ª–∏–¥–µ—Ä —Å—Ä–µ–¥–∏ —Å–º–∞—Ä—Ç—Ñ–æ–Ω–æ–≤ 2025 –≥–æ–¥–∞.",https://avatars.mds.yandex.net/get-mpic/13225615/2a00000194ae464d9b40dfedc26a0eda60ac/orig,–ø–æ–¥ –∑–∞–∫–∞–∑ 2-15 –¥–Ω–µ–π –ø–æ –≥. –°–ü–±. (–í —Ä–µ–≥–∏–æ–Ω—ã + –¥–Ω–∏ –¥–æ—Å—Ç–∞–≤–∫–∏ –ø–æ –°–î–≠–ö)
S25 ultra 12/512  (S938B),71 990,–°–º–∞—Ä—Ç—Ñ–æ–Ω—ã,Samsung," –∏–Ω–Ω–æ–≤–∞—Ü–∏–æ–Ω–Ω—ã–π —Ñ–ª–∞–≥–º–∞–Ω —Å 6.9"" Dynamic AMOLED 2X 144 –ì—Ü, –ø—Ä–æ—Ü–µ—Å—Å–æ—Ä–æ–º Snapdragon 8 Gen 4, 200 –ú–ü —Ç–µ—Ç—Ä–∞-–∫–∞–º–µ—Ä–æ–π —Å –ò–ò-—É–ª—É—á—à–µ–Ω–∏–µ–º, –≤—Å—Ç—Ä–æ–µ–Ω–Ω—ã–º S-Pen, —Ç–∏—Ç–∞–Ω–æ–≤—ã–º –∫–æ—Ä–ø—É—Å–æ–º IP68, –∞–∫–∫—É–º—É–ª—è—Ç–æ—Ä–æ–º 5500 –º–ê—á —Å 100W –∑–∞—Ä—è–¥–∫–æ–π –∏ —Å–ø—É—Ç–Ω–∏–∫–æ–≤–æ–π —Å–≤—è–∑—å—é ‚Äî –∞–±—Å–æ–ª—é—Ç–Ω—ã–π –ª–∏–¥–µ—Ä —Å—Ä–µ–¥–∏ —Å–º–∞—Ä—Ç—Ñ–æ–Ω–æ–≤ 2025 –≥–æ–¥–∞.",https://avatars.mds.yandex.net/get-mpic/13225615/2a00000194ae464d9b40dfedc26a0eda60ac/orig,–ø–æ–¥ –∑–∞–∫–∞–∑ 2-15 –¥–Ω–µ–π –ø–æ –≥. –°–ü–±. (–í —Ä–µ–≥–∏–æ–Ω—ã + –¥–Ω–∏ –¥–æ—Å—Ç–∞–≤–∫–∏ –ø–æ –°–î–≠–ö)
S25 ultra 12/1024 (S938B),79 990,–°–º–∞—Ä—Ç—Ñ–æ–Ω—ã,Samsung," –∏–Ω–Ω–æ–≤–∞—Ü–∏–æ–Ω–Ω—ã–π —Ñ–ª–∞–≥–º–∞–Ω —Å 6.9"" Dynamic AMOLED 2X 144 –ì—Ü, –ø—Ä–æ—Ü–µ—Å—Å–æ—Ä–æ–º Snapdragon 8 Gen 4, 200 –ú–ü —Ç–µ—Ç—Ä–∞-–∫–∞–º–µ—Ä–æ–π —Å –ò–ò-—É–ª—É—á—à–µ–Ω–∏–µ–º, –≤—Å—Ç—Ä–æ–µ–Ω–Ω—ã–º S-Pen, —Ç–∏—Ç–∞–Ω–æ–≤—ã–º –∫–æ—Ä–ø—É—Å–æ–º IP68, –∞–∫–∫—É–º—É–ª—è—Ç–æ—Ä–æ–º 5500 –º–ê—á —Å 100W –∑–∞—Ä—è–¥–∫–æ–π –∏ —Å–ø—É—Ç–Ω–∏–∫–æ–≤–æ–π —Å–≤—è–∑—å—é ‚Äî –∞–±—Å–æ–ª—é—Ç–Ω—ã–π –ª–∏–¥–µ—Ä —Å—Ä–µ–¥–∏ —Å–º–∞—Ä—Ç—Ñ–æ–Ω–æ–≤ 2025 –≥–æ–¥–∞.",https://avatars.mds.yandex.net/get-mpic/13225615/2a00000194ae464d9b40dfedc26a0eda60ac/orig,–ø–æ–¥ –∑–∞–∫–∞–∑ 2-15 –¥–Ω–µ–π –ø–æ –≥. –°–ü–±. (–í —Ä–µ–≥–∏–æ–Ω—ã + –¥–Ω–∏ –¥–æ—Å—Ç–∞–≤–∫–∏ –ø–æ –°–î–≠–ö)
Huawei Pura 80 Ultra 512GB,79 990,–°–º–∞—Ä—Ç—Ñ–æ–Ω—ã,Huawei,"6.8"" 120Hz OLED, Kirin 9020, 16+512GB, 1-–¥—é–π–º–æ–≤–∞—è –∫–∞–º–µ—Ä–∞ (3.7x/9.4x –∑—É–º), 100W –∑–∞—Ä—è–¥–∫–∞, IP68/IP69.",https://content.onliner.by/news/1200x5616/f3e08671cbc493fda0206548de4e91e6.jpg,–ø–æ–¥ –∑–∞–∫–∞–∑ 2-15 –¥–Ω–µ–π –ø–æ –≥. –°–ü–±. (–í —Ä–µ–≥–∏–æ–Ω—ã + –¥–Ω–∏ –¥–æ—Å—Ç–∞–≤–∫–∏ –ø–æ –°–î–≠–ö)
AW SE 2 (2024) 40 S/M,13 990,–ê–∫—Å–µ—Å—Å—É–∞—Ä—ã,Apple,"—Å—Ç–∏–ª—å–Ω—ã–µ –∏ –¥–æ—Å—Ç—É–ø–Ω—ã–µ —É–º–Ω—ã–µ —á–∞—Å—ã —Å –ø—Ä–æ—Ü–µ—Å—Å–æ—Ä–æ–º S8, —Ñ—É–Ω–∫—Ü–∏–µ–π –∫—Ä–∞—à-–¥–µ—Ç–µ–∫—Ü–∏–∏, –º–æ–Ω–∏—Ç–æ—Ä–∏–Ω–≥–æ–º —Å–Ω–∞ –∏ –∞–∫—Ç–∏–≤–Ω–æ—Å—Ç–∏, –≤–æ–¥–æ–Ω–µ–ø—Ä–æ–Ω–∏—Ü–∞–µ–º–æ—Å—Ç—å—é 50–º –∏ –¥–æ 18 —á–∞—Å–æ–≤ —Ä–∞–±–æ—Ç—ã ‚Äî –∏–¥–µ–∞–ª—å–Ω—ã–π –≥–∞–¥–∂–µ—Ç –¥–ª—è –∑–¥–æ—Ä–æ–≤—å—è –∏ –ø—Ä–æ–¥—É–∫—Ç–∏–≤–Ω–æ—Å—Ç–∏",https://avatars.mds.yandex.net/get-mpic/12503234/2a000001929be6b80799272effc79b64af6d/orig,–ø–æ–¥ –∑–∞–∫–∞–∑ 2-15 –¥–Ω–µ–π –ø–æ –≥. –°–ü–±. (–í —Ä–µ–≥–∏–æ–Ω—ã + –¥–Ω–∏ –¥–æ—Å—Ç–∞–≤–∫–∏ –ø–æ –°–î–≠–ö)
AW SE 2 (2024) 44 S/M,13 990,–ê–∫—Å–µ—Å—Å—É–∞—Ä—ã,Apple,"—Å—Ç–∏–ª—å–Ω—ã–µ –∏ –¥–æ—Å—Ç—É–ø–Ω—ã–µ —É–º–Ω—ã–µ —á–∞—Å—ã —Å –ø—Ä–æ—Ü–µ—Å—Å–æ—Ä–æ–º S8, —Ñ—É–Ω–∫—Ü–∏–µ–π –∫—Ä–∞—à-–¥–µ—Ç–µ–∫—Ü–∏–∏, –º–æ–Ω–∏—Ç–æ—Ä–∏–Ω–≥–æ–º —Å–Ω–∞ –∏ –∞–∫—Ç–∏–≤–Ω–æ—Å—Ç–∏, –≤–æ–¥–æ–Ω–µ–ø—Ä–æ–Ω–∏—Ü–∞–µ–º–æ—Å—Ç—å—é 50–º –∏ –¥–æ 18 —á–∞—Å–æ–≤ —Ä–∞–±–æ—Ç—ã ‚Äî –∏–¥–µ–∞–ª—å–Ω—ã–π –≥–∞–¥–∂–µ—Ç –¥–ª—è –∑–¥–æ—Ä–æ–≤—å—è –∏ –ø—Ä–æ–¥—É–∫—Ç–∏–≤–Ω–æ—Å—Ç–∏",https://avatars.mds.yandex.net/get-mpic/12503234/2a000001929be6b80799272effc79b64af6d/orig,–ø–æ–¥ –∑–∞–∫–∞–∑ 2-15 –¥–Ω–µ–π –ø–æ –≥. –°–ü–±. (–í —Ä–µ–≥–∏–æ–Ω—ã + –¥–Ω–∏ –¥–æ—Å—Ç–∞–≤–∫–∏ –ø–æ –°–î–≠–ö)
AW S10 42 S/M sport band,27 990,–ê–∫—Å–µ—Å—Å—É–∞—Ä—ã,Apple,"—Ç–æ–ø–æ–≤—ã–µ —É–º–Ω—ã–µ —á–∞—Å—ã —Å –Ω–æ–≤—ã–º —á–∏–ø–æ–º S10, —É–ª—É—á—à–µ–Ω–Ω—ã–º –¥–∏—Å–ø–ª–µ–µ–º, —Ä–∞—Å—à–∏—Ä–µ–Ω–Ω—ã–º–∏ —Ñ—É–Ω–∫—Ü–∏—è–º–∏ –∑–¥–æ—Ä–æ–≤—å—è (–≤–∫–ª—é—á–∞—è –º–æ–Ω–∏—Ç–æ—Ä–∏–Ω–≥ –¥–∞–≤–ª–µ–Ω–∏—è –∏ –≥–ª—é–∫–æ–∑—ã), –∞–≤—Ç–æ–Ω–æ–º–Ω–æ—Å—Ç—å—é –¥–æ 36 —á–∞—Å–æ–≤ –∏ —É–¥–∞—Ä–æ–ø—Ä–æ—á–Ω—ã–º –¥–∏–∑–∞–π–Ω–æ–º ‚Äî –ø—Ä–µ–º–∏—É–º-–≥–∞–¥–∂–µ—Ç –¥–ª—è –∑–¥–æ—Ä–æ–≤—å—è, —Å–ø–æ—Ä—Ç–∞ –∏ —Å—Ç–∏–ª—è.",https://avatars.mds.yandex.net/get-mpic/11476411/2a00000194793367d042286a097e44aefa8e/orig,–ø–æ–¥ –∑–∞–∫–∞–∑ 2-15 –¥–Ω–µ–π –ø–æ –≥. –°–ü–±. (–í —Ä–µ–≥–∏–æ–Ω—ã + –¥–Ω–∏ –¥–æ—Å—Ç–∞–≤–∫–∏ –ø–æ –°–î–≠–ö)
AW S10 46 M/L black sport band,30 990,–ê–∫—Å–µ—Å—Å—É–∞—Ä—ã,Apple,"—Ç–æ–ø–æ–≤—ã–µ —É–º–Ω—ã–µ —á–∞—Å—ã —Å –Ω–æ–≤—ã–º —á–∏–ø–æ–º S10, —É–ª—É—á—à–µ–Ω–Ω—ã–º –¥–∏—Å–ø–ª–µ–µ–º, —Ä–∞—Å—à–∏—Ä–µ–Ω–Ω—ã–º–∏ —Ñ—É–Ω–∫—Ü–∏—è–º–∏ –∑–¥–æ—Ä–æ–≤—å—è (–≤–∫–ª—é—á–∞—è –º–æ–Ω–∏—Ç–æ—Ä–∏–Ω–≥ –¥–∞–≤–ª–µ–Ω–∏—è –∏ –≥–ª—é–∫–æ–∑—ã), –∞–≤—Ç–æ–Ω–æ–º–Ω–æ—Å—Ç—å—é –¥–æ 36 —á–∞—Å–æ–≤ –∏ —É–¥–∞—Ä–æ–ø—Ä–æ—á–Ω—ã–º –¥–∏–∑–∞–π–Ω–æ–º ‚Äî –ø—Ä–µ–º–∏—É–º-–≥–∞–¥–∂–µ—Ç –¥–ª—è –∑–¥–æ—Ä–æ–≤—å—è, —Å–ø–æ—Ä—Ç–∞ –∏ —Å—Ç–∏–ª—è.",https://avatars.mds.yandex.net/get-mpic/11476411/2a00000194793367d042286a097e44aefa8e/orig,–ø–æ–¥ –∑–∞–∫–∞–∑ 2-15 –¥–Ω–µ–π –ø–æ –≥. –°–ü–±. (–í —Ä–µ–≥–∏–æ–Ω—ã + –¥–Ω–∏ –¥–æ—Å—Ç–∞–≤–∫–∏ –ø–æ –°–î–≠–ö)
AW Ultra 2 (2024) 49 S/M blue/black trail loop,44 990,–ê–∫—Å–µ—Å—Å—É–∞—Ä—ã,Apple,"—ç–∫—Å—Ç—Ä–µ–º–∞–ª—å–Ω—ã–µ —É–º–Ω—ã–µ —á–∞—Å—ã —Å —Å–≤–µ—Ä—Ö—è—Ä–∫–∏–º –¥–∏—Å–ø–ª–µ–µ–º 3000 –Ω–∏—Ç, —á–∏–ø–æ–º S9 SiP, —Å–ø—É—Ç–Ω–∏–∫–æ–≤–æ–π SOS-—Å–≤—è–∑—å—é, —Ä–µ–∫–æ—Ä–¥–Ω–æ–π –∞–≤—Ç–æ–Ω–æ–º–Ω–æ—Å—Ç—å—é –¥–æ 72 —á–∞—Å–æ–≤, –¥–∞–π–≤–∏–Ω–≥-—Ä–µ–∂–∏–º–æ–º EN13319 –∏ —Ç–∏—Ç–∞–Ω–æ–≤—ã–º –∫–æ—Ä–ø—É—Å–æ–º ‚Äî –¥–ª—è —Å–ø–æ—Ä—Ç—Å–º–µ–Ω–æ–≤, –ø—É—Ç–µ—à–µ—Å—Ç–≤–µ–Ω–Ω–∏–∫–æ–≤ –∏ –ø–æ–∫–æ—Ä–∏—Ç–µ–ª–µ–π –≤–µ—Ä—à–∏–Ω.",https://avatars.mds.yandex.net/i?id=c3e0069f2f3d918fd0d2c0427713e83e24249aa7-7041172-images-thumbs&n=13,–ø–æ–¥ –∑–∞–∫–∞–∑ 2-15 –¥–Ω–µ–π –ø–æ –≥. –°–ü–±. (–í —Ä–µ–≥–∏–æ–Ω—ã + –¥–Ω–∏ –¥–æ—Å—Ç–∞–≤–∫–∏ –ø–æ –°–î–≠–ö)
iPad Mini 7 Pro (2024) wi-fi 128,37 990,–ü–ª–∞–Ω—à–µ—Ç—ã,Apple," –∫–æ–º–ø–∞–∫—Ç–Ω—ã–π, –Ω–æ –º–æ—â–Ω—ã–π –ø–ª–∞–Ω—à–µ—Ç —Å —á–∏–ø–æ–º A16 Bionic, 8.3"" Liquid Retina 120 –ì—Ü, –ø–æ–¥–¥–µ—Ä–∂–∫–æ–π Apple Pencil 2, —É–ª—É—á—à–µ–Ω–Ω–æ–π –∫–∞–º–µ—Ä–æ–π 12 –ú–ü –∏ —Ç–æ–Ω–∫–∏–º –±–µ–∑—Ä–∞–º–æ—á–Ω—ã–º –¥–∏–∑–∞–π–Ω–æ–º ‚Äî –∏–¥–µ–∞–ª—å–Ω—ã–π –∏–Ω—Å—Ç—Ä—É–º–µ–Ω—Ç –¥–ª—è —Ç–≤–æ—Ä—á–µ—Å—Ç–≤–∞, —Ä–∞–±–æ—Ç—ã –∏ —Ä–∞–∑–≤–ª–µ—á–µ–Ω–∏–π –≤ –¥–æ—Ä–æ–≥–µ.",https://avatars.mds.yandex.net/get-mpic/12719412/img_id4556428020905623953.jpeg/orig,–ø–æ–¥ –∑–∞–∫–∞–∑ 2-15 –¥–Ω–µ–π –ø–æ –≥. –°–ü–±. (–í —Ä–µ–≥–∏–æ–Ω—ã + –¥–Ω–∏ –¥–æ—Å—Ç–∞–≤–∫–∏ –ø–æ –°–î–≠–ö)
iPad Mini 7 Pro (2024) wi-fi 256,43 990,–ü–ª–∞–Ω—à–µ—Ç—ã,Apple," –∫–æ–º–ø–∞–∫—Ç–Ω—ã–π, –Ω–æ –º–æ—â–Ω—ã–π –ø–ª–∞–Ω—à–µ—Ç —Å —á–∏–ø–æ–º A16 Bionic, 8.3"" Liquid Retina 120 –ì—Ü, –ø–æ–¥–¥–µ—Ä–∂–∫–æ–π Apple Pencil 2, —É–ª—É—á—à–µ–Ω–Ω–æ–π –∫–∞–º–µ—Ä–æ–π 12 –ú–ü –∏ —Ç–æ–Ω–∫–∏–º –±–µ–∑—Ä–∞–º–æ—á–Ω—ã–º –¥–∏–∑–∞–π–Ω–æ–º ‚Äî –∏–¥–µ–∞–ª—å–Ω—ã–π –∏–Ω—Å—Ç—Ä—É–º–µ–Ω—Ç –¥–ª—è —Ç–≤–æ—Ä—á–µ—Å—Ç–≤–∞, —Ä–∞–±–æ—Ç—ã –∏ —Ä–∞–∑–≤–ª–µ—á–µ–Ω–∏–π –≤ –¥–æ—Ä–æ–≥–µ.",https://avatars.mds.yandex.net/get-mpic/12719412/img_id4556428020905623953.jpeg/orig,–ø–æ–¥ –∑–∞–∫–∞–∑ 2-15 –¥–Ω–µ–π –ø–æ –≥. –°–ü–±. (–í —Ä–µ–≥–∏–æ–Ω—ã + –¥–Ω–∏ –¥–æ—Å—Ç–∞–≤–∫–∏ –ø–æ –°–î–≠–ö)
iPad Air 13 M2 wi-fi 128,57 990,–ü–ª–∞–Ω—à–µ—Ç—ã,Apple," —É–ª—å—Ç—Ä–∞—Ç–æ–Ω–∫–∏–π –∏ –º–æ—â–Ω—ã–π –ø–ª–∞–Ω—à–µ—Ç —Å —á–∏–ø–æ–º M2, 13-–¥—é–π–º–æ–≤—ã–º Liquid Retina –¥–∏—Å–ø–ª–µ–µ–º, –ø–æ–¥–¥–µ—Ä–∂–∫–æ–π Apple Pencil Pro, –∫–∞–º–µ—Ä–æ–π 12 –ú–ü –∏ —Ñ—É–Ω–∫—Ü–∏—è–º–∏ iPadOS –¥–ª—è –ø—Ä–æ—Ñ–µ—Å—Å–∏–æ–Ω–∞–ª–æ–≤ ‚Äî –∏–¥–µ–∞–ª—å–Ω—ã–π –±–∞–ª–∞–Ω—Å –ø—Ä–æ–∏–∑–≤–æ–¥–∏—Ç–µ–ª—å–Ω–æ—Å—Ç–∏ –∏ –ø–æ—Ä—Ç–∞—Ç–∏–≤–Ω–æ—Å—Ç–∏.",https://frankfurt.apollo.olxcdn.com/v1/files/wph807tfs47y2-UZ/image,–ø–æ–¥ –∑–∞–∫–∞–∑ 2-15 –¥–Ω–µ–π –ø–æ –≥. –°–ü–±. (–í —Ä–µ–≥–∏–æ–Ω—ã + –¥–Ω–∏ –¥–æ—Å—Ç–∞–≤–∫–∏ –ø–æ –°–î–≠–ö)
iPad Air 11 M3 (2025) wi-fi 256,52 990,–ü–ª–∞–Ω—à–µ—Ç—ã,Apple,"–∫–æ–º–ø–∞–∫—Ç–Ω—ã–π —Ñ–ª–∞–≥–º–∞–Ω —Å —á–∏–ø–æ–º M3, 11"" Liquid Retina XDR 120 –ì—Ü, –ø–æ–¥–¥–µ—Ä–∂–∫–æ–π Apple Pencil 3, —É–ª—É—á—à–µ–Ω–Ω–æ–π 12 –ú–ü –∫–∞–º–µ—Ä–æ–π –∏ –≤–¥–≤–æ–µ –±–æ–ª–µ–µ –±—ã—Å—Ç—Ä—ã–º SSD ‚Äî –º–æ—â—å Pro-—É—Ä–æ–≤–Ω—è –≤ —É–ª—å—Ç—Ä–∞–ø–æ—Ä—Ç–∞—Ç–∏–≤–Ω–æ–º –∫–æ—Ä–ø—É—Å–µ.",https://avatars.mds.yandex.net/get-mpic/12371932/2a00000195c71b8c29bc9a29b5cb2088f1b2/orig,–ø–æ–¥ –∑–∞–∫–∞–∑ 2-15 –¥–Ω–µ–π –ø–æ –≥. –°–ü–±. (–í —Ä–µ–≥–∏–æ–Ω—ã + –¥–Ω–∏ –¥–æ—Å—Ç–∞–≤–∫–∏ –ø–æ –°–î–≠–ö)
iPad Air 13 M3 (2025) wi-fi 128,58 990,–ü–ª–∞–Ω—à–µ—Ç—ã,Apple,"—Ä–µ–≤–æ–ª—é—Ü–∏–æ–Ω–Ω—ã–π –ø–ª–∞–Ω—à–µ—Ç —Å —á–∏–ø–æ–º M3, 13,6"" Liquid Retina XDR 120 –ì—Ü, –ø–æ–¥–¥–µ—Ä–∂–∫–æ–π Apple Pencil 3, —É—Å–æ–≤–µ—Ä—à–µ–Ω—Å—Ç–≤–æ–≤–∞–Ω–Ω–æ–π —Å–∏—Å—Ç–µ–º–æ–π –æ—Ö–ª–∞–∂–¥–µ–Ω–∏—è –∏ —Ä–µ–∫–æ—Ä–¥–Ω–æ–π –∞–≤—Ç–æ–Ω–æ–º–Ω–æ—Å—Ç—å—é ‚Äì –∏–¥–µ–∞–ª—å–Ω—ã–π –∏–Ω—Å—Ç—Ä—É–º–µ–Ω—Ç –¥–ª—è —Ç–≤–æ—Ä—Ü–æ–≤ –∏ –ø—Ä–æ—Ñ–µ—Å—Å–∏–æ–Ω–∞–ª–æ–≤.",https://avatars.mds.yandex.net/get-mpic/12371932/2a00000195c71b8c29bc9a29b5cb2088f1b2/orig,–ø–æ–¥ –∑–∞–∫–∞–∑ 2-15 –¥–Ω–µ–π –ø–æ –≥. –°–ü–±. (–í —Ä–µ–≥–∏–æ–Ω—ã + –¥–Ω–∏ –¥–æ—Å—Ç–∞–≤–∫–∏ –ø–æ –°–î–≠–ö)
iPad Pro 11 M4 (2024) wi-fi 256,71 990,–ü–ª–∞–Ω—à–µ—Ç—ã,Apple,"–∏–Ω–Ω–æ–≤–∞—Ü–∏–æ–Ω–Ω—ã–π –ø–ª–∞–Ω—à–µ—Ç —Å —á–∏–ø–æ–º M4, 11"" Ultra Retina XDR OLED 120 –ì—Ü, —Ä–µ–≤–æ–ª—é—Ü–∏–æ–Ω–Ω–æ–π –∫–∞–º–µ—Ä–æ–π LiDAR, –ø–æ–¥–¥–µ—Ä–∂–∫–æ–π Apple Pencil Pro –∏ —Ä–µ–∫–æ—Ä–¥–Ω–æ —Ç–æ–Ω–∫–∏–º –¥–∏–∑–∞–π–Ω–æ–º ‚Äî –∞–±—Å–æ–ª—é—Ç–Ω—ã–π –ª–∏–¥–µ—Ä –≤ –∫–ª–∞—Å—Å–µ –ø—Ä–µ–º–∏–∞–ª—å–Ω—ã—Ö –ø–ª–∞–Ω—à–µ—Ç–æ–≤.",https://avatars.mds.yandex.net/i?id=e5e4945d9b193f61d8ac6304aaf8984d6c7b123e-4451316-images-thumbs&n=13,–ø–æ–¥ –∑–∞–∫–∞–∑ 2-15 –¥–Ω–µ–π –ø–æ –≥. –°–ü–±. (–í —Ä–µ–≥–∏–æ–Ω—ã + –¥–Ω–∏ –¥–æ—Å—Ç–∞–≤–∫–∏ –ø–æ –°–î–≠–ö)
iPad Pro 13 M4 (2024) wi-fi 256,91 990,–ü–ª–∞–Ω—à–µ—Ç—ã,Apple,"—Ä–µ–≤–æ–ª—é—Ü–∏–æ–Ω–Ω—ã–π –ø–ª–∞–Ω—à–µ—Ç —Å —á–∏–ø–æ–º M4, 13"" Ultra Retina XDR OLED 120 –ì—Ü, —É–ª—É—á—à–µ–Ω–Ω–æ–π —Å–∏—Å—Ç–µ–º–æ–π –æ—Ö–ª–∞–∂–¥–µ–Ω–∏—è, –ø–æ–¥–¥–µ—Ä–∂–∫–æ–π Apple Pencil Pro —Å —Ç–∞–∫—Ç–∏–ª—å–Ω–æ–π –æ—Ç–¥–∞—á–µ–π, –∫–∞–º–µ—Ä–æ–π LiDAR –∏ —Ä–µ–∫–æ—Ä–¥–Ω–æ —Ç–æ–Ω–∫–∏–º –∫–æ—Ä–ø—É—Å–æ–º ‚Äî –∏–¥–µ–∞–ª—å–Ω—ã–π –∏–Ω—Å—Ç—Ä—É–º–µ–Ω—Ç –¥–ª—è –ø—Ä–æ—Ñ–µ—Å—Å–∏–æ–Ω–∞–ª–æ–≤ –∏ —Ç–≤–æ—Ä—á–µ—Å–∫–∏—Ö –≥–µ–Ω–∏–µ–≤.",https://static.re-store.ru/upload/resize_cache/iblock/198/100500_800_140cd750bba9870f18aada2478b24840a/eu1jn6a9liiq1d8nahglhe4kw1l52wx4.jpg,–ø–æ–¥ –∑–∞–∫–∞–∑ 2-15 –¥–Ω–µ–π –ø–æ –≥. –°–ü–±. (–í —Ä–µ–≥–∏–æ–Ω—ã + –¥–Ω–∏ –¥–æ—Å—Ç–∞–≤–∫–∏ –ø–æ –°–î–≠–ö)
iPad Pro 13 M4 (2024) LTE 256,98 990,–ü–ª–∞–Ω—à–µ—Ç—ã,Apple,"–º–æ—â–Ω—ã–π –ø—Ä–æ—Ñ–µ—Å—Å–∏–æ–Ω–∞–ª—å–Ω—ã–π –ø–ª–∞–Ω—à–µ—Ç —Å —á–∏–ø–æ–º M4, 13"" Ultra Retina XDR OLED 120 –ì—Ü, –º–æ–±–∏–ª—å–Ω—ã–º –∏–Ω—Ç–µ—Ä–Ω–µ—Ç–æ–º LTE, –ø–æ–¥–¥–µ—Ä–∂–∫–æ–π Apple Pencil Pro, –∫–∞–º–µ—Ä–æ–π LiDAR –∏ —É–ª—É—á—à–µ–Ω–Ω–æ–π –∞–≤—Ç–æ–Ω–æ–º–Ω–æ—Å—Ç—å—é ‚Äî –∏–¥–µ–∞–ª–µ–Ω –¥–ª—è —Ä–∞–±–æ—Ç—ã –≤ –ª—é–±–æ–º –º–µ—Å—Ç–µ.",https://static.re-store.ru/upload/resize_cache/iblock/198/100500_800_140cd750bba9870f18aada2478b24840a/eu1jn6a9liiq1d8nahglhe4kw1l52wx4.jpg,–ø–æ–¥ –∑–∞–∫–∞–∑ 2-15 –¥–Ω–µ–π –ø–æ –≥. –°–ü–±. (–í —Ä–µ–≥–∏–æ–Ω—ã + –¥–Ω–∏ –¥–æ—Å—Ç–∞–≤–∫–∏ –ø–æ –°–î–≠–ö)
MacBook Air 13 M3 8/256 (MRXV3),63 990,–ù–æ—É—Ç–±—É–∫–∏,Apple,"—É–ª—å—Ç—Ä–∞—Ç–æ–Ω–∫–∏–π –Ω–æ—É—Ç–±—É–∫ —Å —á–∏–ø–æ–º Apple M3, Retina-–¥–∏—Å–ø–ª–µ–µ–º, 18-—á–∞—Å–æ–≤–æ–π –∞–≤—Ç–æ–Ω–æ–º–Ω–æ—Å—Ç—å—é –∏ –±–µ—Å—à—É–º–Ω–æ–π –±–µ–∑–≤–µ–Ω—Ç–∏–ª—è—Ç–æ—Ä–Ω–æ–π –∫–æ–Ω—Å—Ç—Ä—É–∫—Ü–∏–µ–π ‚Äì –∏–¥–µ–∞–ª—å–Ω—ã–π –±–∞–ª–∞–Ω—Å –º–æ—â–Ω–æ—Å—Ç–∏ –∏ –ø–æ—Ä—Ç–∞—Ç–∏–≤–Ω–æ—Å—Ç–∏ –¥–ª—è —Ä–∞–±–æ—Ç—ã –∏ —Ç–≤–æ—Ä—á–µ—Å—Ç–≤–∞.",https://avatars.mds.yandex.net/get-mpic/11778691/2a00000191959f0dd129e8c64ca0d8d72b80/orig,–ø–æ–¥ –∑–∞–∫–∞–∑ 2-15 –¥–Ω–µ–π –ø–æ –≥. –°–ü–±. (–í —Ä–µ–≥–∏–æ–Ω—ã + –¥–Ω–∏ –¥–æ—Å—Ç–∞–≤–∫–∏ –ø–æ –°–î–≠–ö)
MacBook Air 13 M3 8/512 (MRXW3),73 990,–ù–æ—É—Ç–±—É–∫–∏,Apple,"—É–ª—å—Ç—Ä–∞—Ç–æ–Ω–∫–∏–π –Ω–æ—É—Ç–±—É–∫ —Å —á–∏–ø–æ–º Apple M3, Retina-–¥–∏—Å–ø–ª–µ–µ–º, 18-—á–∞—Å–æ–≤–æ–π –∞–≤—Ç–æ–Ω–æ–º–Ω–æ—Å—Ç—å—é –∏ –±–µ—Å—à—É–º–Ω–æ–π –±–µ–∑–≤–µ–Ω—Ç–∏–ª—è—Ç–æ—Ä–Ω–æ–π –∫–æ–Ω—Å—Ç—Ä—É–∫—Ü–∏–µ–π ‚Äì –∏–¥–µ–∞–ª—å–Ω—ã–π –±–∞–ª–∞–Ω—Å –º–æ—â–Ω–æ—Å—Ç–∏ –∏ –ø–æ—Ä—Ç–∞—Ç–∏–≤–Ω–æ—Å—Ç–∏ –¥–ª—è —Ä–∞–±–æ—Ç—ã –∏ —Ç–≤–æ—Ä—á–µ—Å—Ç–≤–∞.",https://avatars.mds.yandex.net/get-mpic/11778691/2a00000191959f0dd129e8c64ca0d8d72b80/orig,–ø–æ–¥ –∑–∞–∫–∞–∑ 2-15 –¥–Ω–µ–π –ø–æ –≥. –°–ü–±. (–í —Ä–µ–≥–∏–æ–Ω—ã + –¥–Ω–∏ –¥–æ—Å—Ç–∞–≤–∫–∏ –ø–æ –°–î–≠–ö)
MacBook Air 15 M3 16/256 (MC9G4),76 490,–ù–æ—É—Ç–±—É–∫–∏,Apple,"—É–ª—å—Ç—Ä–∞—Ç–æ–Ω–∫–∏–π –Ω–æ—É—Ç–±—É–∫ —Å —á–∏–ø–æ–º Apple M3, 15,3-–¥—é–π–º–æ–≤—ã–º Retina-–¥–∏—Å–ø–ª–µ–µ–º, —É–≤–µ–ª–∏—á–µ–Ω–Ω–æ–π –æ–ø–µ—Ä–∞—Ç–∏–≤–Ω–æ–π –ø–∞–º—è—Ç—å—é 16 –ì–ë, 18-—á–∞—Å–æ–≤–æ–π –∞–≤—Ç–æ–Ω–æ–º–Ω–æ—Å—Ç—å—é –∏ –±–µ—Å—à—É–º–Ω–æ–π –±–µ–∑–≤–µ–Ω—Ç–∏–ª—è—Ç–æ—Ä–Ω–æ–π —Å–∏—Å—Ç–µ–º–æ–π ‚Äì –∏–¥–µ–∞–ª—å–Ω–æ–µ —Å–æ—á–µ—Ç–∞–Ω–∏–µ –±–æ–ª—å—à–æ–≥–æ —ç–∫—Ä–∞–Ω–∞, –º–æ—â–Ω–æ—Å—Ç–∏ –∏ –ø–æ—Ä—Ç–∞—Ç–∏–≤–Ω–æ—Å—Ç–∏ –¥–ª—è –ø—Ä–æ—Ñ–µ—Å—Å–∏–æ–Ω–∞–ª—å–Ω—ã—Ö –∑–∞–¥–∞—á –∏ –º—É–ª—å—Ç–∏–º–µ–¥–∏–∞.",https://static.re-store.ru/upload/iblock/92a/ap8847sto2ziabm1uwumxiom1lit8zbs.jpg,–ø–æ–¥ –∑–∞–∫–∞–∑ 2-15 –¥–Ω–µ–π –ø–æ –≥. –°–ü–±. (–í —Ä–µ–≥–∏–æ–Ω—ã + –¥–Ω–∏ –¥–æ—Å—Ç–∞–≤–∫–∏ –ø–æ –°–î–≠–ö)
MacBook Air 15 M3 16/512  (MXD13),102 990,–ù–æ—É—Ç–±—É–∫–∏,Apple,"–ø—Ä–µ–º–∏–∞–ª—å–Ω—ã–π —É–ª—å—Ç—Ä–∞–±—É–∫ —Å —á–∏–ø–æ–º Apple M3, 15.3"" Retina-–¥–∏—Å–ø–ª–µ–µ–º, —É–≤–µ–ª–∏—á–µ–Ω–Ω–æ–π –ø–∞–º—è—Ç—å—é 16GB/512GB, 18-—á–∞—Å–æ–≤–æ–π –∞–≤—Ç–æ–Ω–æ–º–Ω–æ—Å—Ç—å—é –∏ –±–µ–∑–≤–µ–Ω—Ç–∏–ª—è—Ç–æ—Ä–Ω—ã–º –¥–∏–∑–∞–π–Ω–æ–º ‚Äî –∏–¥–µ–∞–ª–µ–Ω –¥–ª—è –ø—Ä–æ—Ñ–µ—Å—Å–∏–æ–Ω–∞–ª—å–Ω–æ–π —Ä–∞–±–æ—Ç—ã, —Ç–≤–æ—Ä—á–µ—Å—Ç–≤–∞ –∏ –º—É–ª—å—Ç–∏–º–µ–¥–∏–∞.",https://static.re-store.ru/upload/iblock/92a/ap8847sto2ziabm1uwumxiom1lit8zbs.jpg,–ø–æ–¥ –∑–∞–∫–∞–∑ 2-15 –¥–Ω–µ–π –ø–æ –≥. –°–ü–±. (–í —Ä–µ–≥–∏–æ–Ω—ã + –¥–Ω–∏ –¥–æ—Å—Ç–∞–≤–∫–∏ –ø–æ –°–î–≠–ö)
MacBook Air 15 M3 24/512 (MC9L4),105 990,–ù–æ—É—Ç–±—É–∫–∏,Apple,"—Ç–æ–ø–æ–≤–∞—è –≤–µ—Ä—Å–∏—è —É–ª—å—Ç—Ä–∞–±—É–∫–∞ —Å —á–∏–ø–æ–º M3, 15,3"" Retina-–¥–∏—Å–ø–ª–µ–µ–º, —É–≤–µ–ª–∏—á–µ–Ω–Ω–æ–π RAM 24 –ì–ë, –±—ã—Å—Ç—Ä—ã–º SSD 512 –ì–ë, 18-—á–∞—Å–æ–≤–æ–π —Ä–∞–±–æ—Ç–æ–π –∏ —Ç–∏—Ö–∏–º –±–µ–∑–≤–µ–Ω—Ç–∏–ª—è—Ç–æ—Ä–Ω—ã–º –∫–æ—Ä–ø—É—Å–æ–º ‚Äî –º–∞–∫—Å–∏–º–∞–ª—å–Ω–∞—è –ø—Ä–æ–∏–∑–≤–æ–¥–∏—Ç–µ–ª—å–Ω–æ—Å—Ç—å –¥–ª—è –ø—Ä–æ—Ñ–µ—Å—Å–∏–æ–Ω–∞–ª—å–Ω—ã—Ö –∑–∞–¥–∞—á –≤ —É–ª—å—Ç—Ä–∞–ø–æ—Ä—Ç–∞—Ç–∏–≤–Ω–æ–º —Ñ–æ—Ä–º-—Ñ–∞–∫—Ç–æ—Ä–µ.",https://static.re-store.ru/upload/iblock/92a/ap8847sto2ziabm1uwumxiom1lit8zbs.jpg,–ø–æ–¥ –∑–∞–∫–∞–∑ 2-15 –¥–Ω–µ–π –ø–æ –≥. –°–ü–±. (–í —Ä–µ–≥–∏–æ–Ω—ã + –¥–Ω–∏ –¥–æ—Å—Ç–∞–≤–∫–∏ –ø–æ –°–î–≠–ö)
MacBook Air 13 M4 16/256  (MC6T4),70 990,–ù–æ—É—Ç–±—É–∫–∏,Apple,"—É–ª—å—Ç—Ä–∞–±—É–∫ –Ω–æ–≤–æ–≥–æ –ø–æ–∫–æ–ª–µ–Ω–∏—è —Å —á–∏–ø–æ–º M4, 13,6"" Liquid Retina –¥–∏—Å–ø–ª–µ–µ–º, 16 –ì–ë —É–Ω–∏—Ñ–∏—Ü–∏—Ä–æ–≤–∞–Ω–Ω–æ–π –ø–∞–º—è—Ç–∏, 18-—á–∞—Å–æ–≤–æ–π –∞–≤—Ç–æ–Ω–æ–º–Ω–æ—Å—Ç—å—é –∏ —Ä–µ–≤–æ–ª—é—Ü–∏–æ–Ω–Ω–æ–π —Å–∏—Å—Ç–µ–º–æ–π –æ—Ö–ª–∞–∂–¥–µ–Ω–∏—è ‚Äî –∏–¥–µ–∞–ª—å–Ω—ã–π –±–∞–ª–∞–Ω—Å –º–æ—â–Ω–æ—Å—Ç–∏, –ø–æ—Ä—Ç–∞—Ç–∏–≤–Ω–æ—Å—Ç–∏ –∏ –±–µ—Å—à—É–º–Ω–æ–π —Ä–∞–±–æ—Ç—ã.",https://cdn1.ozone.ru/s3/multimedia-1-2/7399858862.jpg,–ø–æ–¥ –∑–∞–∫–∞–∑ 2-15 –¥–Ω–µ–π –ø–æ –≥. –°–ü–±. (–í —Ä–µ–≥–∏–æ–Ω—ã + –¥–Ω–∏ –¥–æ—Å—Ç–∞–≤–∫–∏ –ø–æ –°–î–≠–ö)
MacBook Air 13 M4 24/512 (MC6C4),103 990,–ù–æ—É—Ç–±—É–∫–∏,Apple,"—Ñ–ª–∞–≥–º–∞–Ω—Å–∫–∏–π —É–ª—å—Ç—Ä–∞–±—É–∫ —Å —á–∏–ø–æ–º M4, 13,6"" Liquid Retina XDR-–¥–∏—Å–ø–ª–µ–µ–º, —É–≤–µ–ª–∏—á–µ–Ω–Ω–æ–π –ø–∞–º—è—Ç—å—é 24 –ì–ë, —Å–≤–µ—Ä—Ö–±—ã—Å—Ç—Ä—ã–º SSD 512 –ì–ë, 20-—á–∞—Å–æ–≤–æ–π –∞–≤—Ç–æ–Ω–æ–º–Ω–æ—Å—Ç—å—é –∏ –∏–Ω–Ω–æ–≤–∞—Ü–∏–æ–Ω–Ω–æ–π —Å–∏—Å—Ç–µ–º–æ–π –æ—Ö–ª–∞–∂–¥–µ–Ω–∏—è ‚Äî –Ω–µ–ø—Ä–µ–≤–∑–æ–π–¥—ë–Ω–Ω–∞—è –ø—Ä–æ–∏–∑–≤–æ–¥–∏—Ç–µ–ª—å–Ω–æ—Å—Ç—å –¥–ª—è –ø—Ä–æ—Ñ–µ—Å—Å–∏–æ–Ω–∞–ª–æ–≤ –≤ —É–ª—å—Ç—Ä–∞–ª—ë–≥–∫–æ–º –∫–æ—Ä–ø—É—Å–µ.",https://cdn1.ozone.ru/s3/multimedia-1-2/7399858862.jpg,–ø–æ–¥ –∑–∞–∫–∞–∑ 2-15 –¥–Ω–µ–π –ø–æ –≥. –°–ü–±. (–í —Ä–µ–≥–∏–æ–Ω—ã + –¥–Ω–∏ –¥–æ—Å—Ç–∞–≤–∫–∏ –ø–æ –°–î–≠–ö)
MacBook Air 15 M4 16/256 (MW1L3),97 990,–ù–æ—É—Ç–±—É–∫–∏,Apple,"—É–ª—å—Ç—Ä–∞–±—É–∫ –Ω–æ–≤–æ–≥–æ –ø–æ–∫–æ–ª–µ–Ω–∏—è —Å —á–∏–ø–æ–º M4, 15,3"" Liquid Retina XDR-–¥–∏—Å–ø–ª–µ–µ–º 600 –Ω–∏—Ç, 16 –ì–ë —É–Ω–∏—Ñ–∏—Ü–∏—Ä–æ–≤–∞–Ω–Ω–æ–π –ø–∞–º—è—Ç–∏, 18-—á–∞—Å–æ–≤–æ–π –∞–≤—Ç–æ–Ω–æ–º–Ω–æ—Å—Ç—å—é –∏ —Ä–µ–≤–æ–ª—é—Ü–∏–æ–Ω–Ω–æ–π —ç–Ω–µ—Ä–≥–æ—ç—Ñ—Ñ–µ–∫—Ç–∏–≤–Ω–æ—Å—Ç—å—é ‚Äî –∏–¥–µ–∞–ª—å–Ω–æ–µ —Å–æ—á–µ—Ç–∞–Ω–∏–µ –±–æ–ª—å—à–æ–≥–æ —ç–∫—Ä–∞–Ω–∞ –∏ –ø–æ—Ä—Ç–∞—Ç–∏–≤–Ω–æ—Å—Ç–∏ (–≤—Å–µ–≥–æ 1,51 –∫–≥) –¥–ª—è —Ä–∞–±–æ—Ç—ã –∏ –º—É–ª—å—Ç–∏–º–µ–¥–∏–∞.",https://cdn1.ozone.ru/s3/multimedia-1-z/7262633375.jpg,–ø–æ–¥ –∑–∞–∫–∞–∑ 2-15 –¥–Ω–µ–π –ø–æ –≥. –°–ü–±. (–í —Ä–µ–≥–∏–æ–Ω—ã + –¥–Ω–∏ –¥–æ—Å—Ç–∞–≤–∫–∏ –ø–æ –°–î–≠–ö)
MacBook Air 15 M4 16/512 sky blue (MC7C4),107 990,–ù–æ—É—Ç–±—É–∫–∏,Apple,"—É–ª—å—Ç—Ä–∞–±—É–∫ –Ω–æ–≤–æ–≥–æ –ø–æ–∫–æ–ª–µ–Ω–∏—è —Å —á–∏–ø–æ–º M4, 15,3"" Liquid Retina XDR-–¥–∏—Å–ø–ª–µ–µ–º 600 –Ω–∏—Ç, 16 –ì–ë —É–Ω–∏—Ñ–∏—Ü–∏—Ä–æ–≤–∞–Ω–Ω–æ–π –ø–∞–º—è—Ç–∏, 18-—á–∞—Å–æ–≤–æ–π –∞–≤—Ç–æ–Ω–æ–º–Ω–æ—Å—Ç—å—é –∏ —Ä–µ–≤–æ–ª—é—Ü–∏–æ–Ω–Ω–æ–π —ç–Ω–µ—Ä–≥–æ—ç—Ñ—Ñ–µ–∫—Ç–∏–≤–Ω–æ—Å—Ç—å—é ‚Äî –∏–¥–µ–∞–ª—å–Ω–æ–µ —Å–æ—á–µ—Ç–∞–Ω–∏–µ –±–æ–ª—å—à–æ–≥–æ —ç–∫—Ä–∞–Ω–∞ –∏ –ø–æ—Ä—Ç–∞—Ç–∏–≤–Ω–æ—Å—Ç–∏ (–≤—Å–µ–≥–æ 1,51 –∫–≥) –¥–ª—è —Ä–∞–±–æ—Ç—ã –∏ –º—É–ª—å—Ç–∏–º–µ–¥–∏–∞.",https://cdn1.ozone.ru/s3/multimedia-1-z/7262633375.jpg,–ø–æ–¥ –∑–∞–∫–∞–∑ 2-15 –¥–Ω–µ–π –ø–æ –≥. –°–ü–±. (–í —Ä–µ–≥–∏–æ–Ω—ã + –¥–Ω–∏ –¥–æ—Å—Ç–∞–≤–∫–∏ –ø–æ –°–î–≠–ö)
MacBook Pro 14 M4 10/10C GPU 16/1024 (MW2V3),134 990,–ù–æ—É—Ç–±—É–∫–∏,Apple,"–ø—Ä–æ—Ñ–µ—Å—Å–∏–æ–Ω–∞–ª—å–Ω—ã–π –Ω–æ—É—Ç–±—É–∫ —Å —á–∏–ø–æ–º M4 (10-core CPU/10-core GPU), 14.2"" Liquid Retina XDR –¥–∏—Å–ø–ª–µ–µ–º ProMotion 120 –ì—Ü, 16 –ì–ë RAM, —Å–≤–µ—Ä—Ö–±—ã—Å—Ç—Ä—ã–º SSD 1 –¢–ë, –ø—Ä–æ–¥–≤–∏–Ω—É—Ç—ã–º –æ—Ö–ª–∞–∂–¥–µ–Ω–∏–µ–º –∏ —Ä–µ–∫–æ—Ä–¥–Ω–æ–π –∞–≤—Ç–æ–Ω–æ–º–Ω–æ—Å—Ç—å—é –¥–æ 22 —á–∞—Å–æ–≤ ‚Äî –∏–¥–µ–∞–ª—å–Ω—ã–π –∏–Ω—Å—Ç—Ä—É–º–µ–Ω—Ç –¥–ª—è –∫—Ä–µ–∞—Ç–∏–≤—â–∏–∫–æ–≤ –∏ —Ä–∞–∑—Ä–∞–±–æ—Ç—á–∏–∫–æ–≤.",https://avatars.mds.yandex.net/get-mpic/14365984/2a00000194cf956c9f280de01dfe3da3e473/orig,–ø–æ–¥ –∑–∞–∫–∞–∑ 2-15 –¥–Ω–µ–π –ø–æ –≥. –°–ü–±. (–í —Ä–µ–≥–∏–æ–Ω—ã + –¥–Ω–∏ –¥–æ—Å—Ç–∞–≤–∫–∏ –ø–æ –°–î–≠–ö)
MacBook Pro 14 M4 Pro 12/16C GPU 24/512 (MX2E3),148 990,–ù–æ—É—Ç–±—É–∫–∏,Apple,"–ø—Ä–æ—Ñ–µ—Å—Å–∏–æ–Ω–∞–ª—å–Ω–∞—è —Ä–∞–±–æ—á–∞—è —Å—Ç–∞–Ω—Ü–∏—è —Å —á–∏–ø–æ–º M4 Pro (12-core CPU/16-core GPU), 14.2"" Liquid Retina XDR 120 –ì—Ü, 24 –ì–ë RAM, SSD 512 –ì–ë, —Å–∏—Å—Ç–µ–º–æ–π –∞–∫—Ç–∏–≤–Ω–æ–≥–æ –æ—Ö–ª–∞–∂–¥–µ–Ω–∏—è –∏ –¥–æ 18 —á–∞—Å–æ–≤ —Ä–∞–±–æ—Ç—ã ‚Äî –∏–¥–µ–∞–ª—å–Ω—ã–π –≤—ã–±–æ—Ä –¥–ª—è —Ä–µ—Å—É—Ä—Å–æ–µ–º–∫–∏—Ö –∑–∞–¥–∞—á –∏ –º–æ–±–∏–ª—å–Ω–æ–π –ø—Ä–æ–¥—É–∫—Ç–∏–≤–Ω–æ—Å—Ç–∏.",https://avatars.mds.yandex.net/get-mpic/12301908/2a00000194892e094474e6f9d402be01a417/orig,–ø–æ–¥ –∑–∞–∫–∞–∑ 2-15 –¥–Ω–µ–π –ø–æ –≥. –°–ü–±. (–í —Ä–µ–≥–∏–æ–Ω—ã + –¥–Ω–∏ –¥–æ—Å—Ç–∞–≤–∫–∏ –ø–æ –°–î–≠–ö)
MacBook Pro 14 M4 Pro 14/20C GPU 24/1024  (MX2J3),181  990,–ù–æ—É—Ç–±—É–∫–∏,Apple,"—Ç–æ–ø–æ–≤–∞—è –º–æ–±–∏–ª—å–Ω–∞—è —Ä–∞–±–æ—á–∞—è —Å—Ç–∞–Ω—Ü–∏—è —Å —á–∏–ø–æ–º M4 Pro (14-core CPU/20-core GPU), 14.2"" Liquid Retina XDR 120 –ì—Ü, 24 –ì–ë RAM, —Å–≤–µ—Ä—Ö–±—ã—Å—Ç—Ä—ã–º SSD 1 –¢–ë, –ø—Ä–æ–¥–≤–∏–Ω—É—Ç–æ–π —Å–∏—Å—Ç–µ–º–æ–π –æ—Ö–ª–∞–∂–¥–µ–Ω–∏—è –∏ –¥–æ 18 —á–∞—Å–æ–≤ –∞–≤—Ç–æ–Ω–æ–º–Ω–æ—Å—Ç–∏ ‚Äî –±–µ–∑–∫–æ–º–ø—Ä–æ–º–∏—Å—Å–Ω–æ–µ —Ä–µ—à–µ–Ω–∏–µ –¥–ª—è –ø—Ä–æ—Ñ–µ—Å—Å–∏–æ–Ω–∞–ª—å–Ω–æ–≥–æ 8K-–º–æ–Ω—Ç–∞–∂–∞, 3D-—Ä–µ–Ω–¥–µ—Ä–∏–Ω–≥–∞ –∏ –ò–ò-—Ä–∞–∑—Ä–∞–±–æ—Ç–∫–∏.",https://avatars.mds.yandex.net/get-mpic/12301908/2a00000194892e094474e6f9d402be01a417/orig,–ø–æ–¥ –∑–∞–∫–∞–∑ 2-15 –¥–Ω–µ–π –ø–æ –≥. –°–ü–±. (–í —Ä–µ–≥–∏–æ–Ω—ã + –¥–Ω–∏ –¥–æ—Å—Ç–∞–≤–∫–∏ –ø–æ –°–î–≠–ö)
MacBook Pro 16 M4 Pro 14/20C GPU 24/512 (MX2X3),194 990,–ù–æ—É—Ç–±—É–∫–∏,Apple,"–ø—Ä–æ—Ñ–µ—Å—Å–∏–æ–Ω–∞–ª—å–Ω–∞—è –º–æ–±–∏–ª—å–Ω–∞—è —Ä–∞–±–æ—á–∞—è —Å—Ç–∞–Ω—Ü–∏—è —Å —á–∏–ø–æ–º M4 Pro (14-core CPU/20-core GPU), 16.2"" Liquid Retina XDR 120 –ì—Ü, 24 –ì–ë RAM, SSD 512 –ì–ë, —É–ª—É—á—à–µ–Ω–Ω–æ–π —Å–∏—Å—Ç–µ–º–æ–π –æ—Ö–ª–∞–∂–¥–µ–Ω–∏—è –∏ –¥–æ 22 —á–∞—Å–æ–≤ –∞–≤—Ç–æ–Ω–æ–º–Ω–æ—Å—Ç–∏ ‚Äî –∏–¥–µ–∞–ª—å–Ω—ã–π –∏–Ω—Å—Ç—Ä—É–º–µ–Ω—Ç –¥–ª—è —Ç—Ä–µ–±–æ–≤–∞—Ç–µ–ª—å–Ω—ã—Ö –∑–∞–¥–∞—á: –æ—Ç 8K-–º–æ–Ω—Ç–∞–∂–∞ –¥–æ —Å–ª–æ–∂–Ω–æ–≥–æ 3D-—Ä–µ–Ω–¥–µ—Ä–∏–Ω–≥–∞.",https://avatars.mds.yandex.net/i?id=727d6187f44d2da3edf067e087de1138c40aa4ea-4926719-images-thumbs&n=13,–ø–æ–¥ –∑–∞–∫–∞–∑ 2-15 –¥–Ω–µ–π –ø–æ –≥. –°–ü–±. (–í —Ä–µ–≥–∏–æ–Ω—ã + –¥–Ω–∏ –¥–æ—Å—Ç–∞–≤–∫–∏ –ø–æ –°–î–≠–ö)
–Ø–Ω–¥–µ–∫—Å —Å—Ç–∞–Ω—Ü–∏—è –ê–ª–∏—Å–∞ –ú–∞–∫—Å 2,23 990,–ê–∫—Å–µ—Å—Å—É–∞—Ä—ã,–Ø–Ω–¥–µ–∫—Å,"—É–º–Ω–∞—è –∫–æ–ª–æ–Ω–∫–∞ –ø—Ä–µ–º–∏—É–º-–∫–ª–∞—Å—Å–∞ —Å –∫–∞—á–µ—Å—Ç–≤–µ–Ω–Ω—ã–º –∑–≤—É–∫–æ–º 50 –í—Ç, –ø–æ–¥–¥–µ—Ä–∂–∫–æ–π –ê–ª–∏—Å—ã, 4K-—Ç–µ–ª–µ–≤–∏–∑–æ—Ä–æ–º –Ω–∞ –±–∞–∑–µ Android TV, –≥–æ–ª–æ—Å–æ–≤—ã–º —É–ø—Ä–∞–≤–ª–µ–Ω–∏–µ–º –∏ –≤—Å—Ç—Ä–æ–µ–Ω–Ω—ã–º Zoom ‚Äî –∏–¥–µ–∞–ª—å–Ω—ã–π —Ü–µ–Ω—Ç—Ä —Ä–∞–∑–≤–ª–µ—á–µ–Ω–∏–π –∏ —É–º–Ω–æ–≥–æ –¥–æ–º–∞.",https://habrastorage.org/getpro/habr/upload_files/13f/0e5/97b/13f0e597bf5153497d61bc1dd161612e.jpg,–ø–æ–¥ –∑–∞–∫–∞–∑ 2-15 –¥–Ω–µ–π –ø–æ –≥. –°–ü–±. (–í —Ä–µ–≥–∏–æ–Ω—ã + –¥–Ω–∏ –¥–æ—Å—Ç–∞–≤–∫–∏ –ø–æ –°–î–≠–ö)
–Ø–Ω–¥–µ–∫—Å —Å—Ç–∞–Ω—Ü–∏—è –ê–ª–∏—Å–∞ –î—É–æ –ú–∞–∫—Å 2,29 990,–ê–∫—Å–µ—Å—Å—É–∞—Ä—ã,–Ø–Ω–¥–µ–∫—Å,"–ø—Ä–µ–º–∏—É–º-–∫–æ–º–ø–ª–µ–∫—Ç –∏–∑ –¥–≤—É—Ö —É–º–Ω—ã—Ö –∫–æ–ª–æ–Ω–æ–∫ —Å –æ–±—â–∏–º –∑–≤—É–∫–æ–º 100 –í—Ç, —Å–∏–Ω—Ö—Ä–æ–Ω–∏–∑–∞—Ü–∏–µ–π –¥–ª—è —Å—Ç–µ—Ä–µ–æ–∑–≤—É–∫–∞, –ø–æ–¥–¥–µ—Ä–∂–∫–æ–π 4K-–¢–í (—Å HDMI-–¥–æ–Ω–≥–ª–æ–º), –≥–æ–ª–æ—Å–æ–≤—ã–º —É–ø—Ä–∞–≤–ª–µ–Ω–∏–µ–º –ê–ª–∏—Å–æ–π –∏ –∞–≤—Ç–æ–º–∞—Ç–∏—á–µ—Å–∫–æ–π –∫–∞–ª–∏–±—Ä–æ–≤–∫–æ–π –ø–æ–¥ –ø–æ–º–µ—â–µ–Ω–∏–µ ‚Äî –≥–æ—Ç–æ–≤—ã–π –∫–∏–Ω–æ—Ç–µ–∞—Ç—Ä –∏ –∫–æ–Ω—Ü–µ—Ä—Ç–Ω–∞—è —Å–∏—Å—Ç–µ–º–∞ –¥–ª—è –¥–æ–º–∞.",https://spb-katalog.ru/image/catalog/1111sdfad/maxresdefault6.jpeg.webp,–ø–æ–¥ –∑–∞–∫–∞–∑ 2-15 –¥–Ω–µ–π –ø–æ –≥. –°–ü–±. (–í —Ä–µ–≥–∏–æ–Ω—ã + –¥–Ω–∏ –¥–æ—Å—Ç–∞–≤–∫–∏ –ø–æ –°–î–≠–ö)
–Ø–Ω–¥–µ–∫—Å —Å—Ç–∞–Ω—Ü–∏—è —Å—Ç—Ä–∏—Ç,9 990,–ê–∫—Å–µ—Å—Å—É–∞—Ä—ã,–Ø–Ω–¥–µ–∫—Å,"—É–ª–∏—á–Ω–∞—è —É–º–Ω–∞—è –∫–æ–ª–æ–Ω–∫–∞ —Å –≤–ª–∞–≥–æ–∑–∞—â–∏—Ç–æ–π IPX5, –º–æ—â–Ω—ã–º –∑–≤—É–∫–æ–º 20 –í—Ç, –≥–æ–ª–æ—Å–æ–≤—ã–º —É–ø—Ä–∞–≤–ª–µ–Ω–∏–µ–º –ê–ª–∏—Å–æ–π, –∞–≤—Ç–æ–Ω–æ–º–Ω–æ—Å—Ç—å—é –¥–æ 12 —á–∞—Å–æ–≤ –∏ –ø–æ–¥–¥–µ—Ä–∂–∫–æ–π Bluetooth ‚Äî –∏–¥–µ–∞–ª—å–Ω—ã–π —Å–ø—É—Ç–Ω–∏–∫ –¥–ª—è –ø–∏–∫–Ω–∏–∫–æ–≤, –≤–µ—á–µ—Ä–∏–Ω–æ–∫ –∏ –ø–æ—Ö–æ–¥–æ–≤.",https://syomastore.ru/wa-data/public/shop/img/a3eac7010d982fca1388b3881ca8871a.jpeg,–ø–æ–¥ –∑–∞–∫–∞–∑ 2-15 –¥–Ω–µ–π –ø–æ –≥. –°–ü–±. (–í —Ä–µ–≥–∏–æ–Ω—ã + –¥–Ω–∏ –¥–æ—Å—Ç–∞–≤–∫–∏ –ø–æ –°–î–≠–ö)